pegon,latin
اِيࣤ,iyě
بَابْ,bab
مࣤرْتَيْلَاكࣤنْ,měrtelakěn
تَصَوُّفْ,taṣawwup
اَنَسُ,anasu
المُتَّقِيْنَ,al-muttaqina
لِلّٰهِ,lillāhi
رَبِّالعَالَمِيْنَ,rabbil'alamina
اَلْحمْدُلِلّٰهِ,al-ẖamdulillāhi
الَّذِىْ,allaḋi
اَقَامَ,aqama
السَّمٰوَاتِ,as-samāwati
بِغَيْرِ,biġairi
عِمَادٍ,'imadin
سَدَايَا,sadaya
فُوْجِى,puji
كَڮُوڠَنْ,kaguṅan
اَنُوْ,anu
ڠَجَدِكࣤنْ,ṅajadikěn
تُوْجُهْ,tujuh
لَافِسْ,lapis
لاَڠِتْ,laṅit
اَنُو,anu
تࣤڠَڠْڮَوْ,těṅaṅgo
تِهَاڠْ,tihaṅ
وَلصَّلَاةُ,waṣṣalatu
عَلىَ,'alya
الْمُصْطَفَى,al-muṣṯapa
الَّذِى,allaḋi
هُوَ,huwa
مَشْهُوْرٌ,maśhurun
جَامِعِ,jami'i
الْبِلَادِ,al-biladi
سَرࣤڠْ,sarěṅ
سَلَامْنَا,salamna
مُڮِى٢,mugi2
دِلِمْفَهْكࣤنْ,dilimpahkěn
كَا,ka
نَبِى,nabi
رَسُولْ,rasul
فِلِهَنْ,pilihan
دِ,di
اَنْتَيْرَوْ,antero
سَكَابَيهْ,sakabeh
جَڮَتْ,jagat
رَايَا,raya
آلِهِ,ālihi
مُحِبِّى,muẖibbi
الْفُقَرَاءِ,al-puqarai
وَالْعِبَادِ,wal-'ibadi
كَسَدَايَا,kasadaya
كَلُوَارْڮَنَا,kaluargana
مِكَااَسِهْ,mikaasih
مِكَاۑَعَهْ,mikaña'ah
كَافقِيرْ,kapqir
كَاجَلْمَ,kajalma
مِسْكِينْ,miskin
عِبَادَةْ,'ibadat
فَقَدْ,paqad
الْعَبْدُ,al-'abdu
الْفَقِيْرُ,al-paqiru
الْحَقِيْرُ,al-ẖaqiru
السَّائِل,as-sail
الرَّاجِى,ar-raji
اِلٰى,ilā
رَحْمَةِ,raẖmati
الْمَلِكِ,al-maliki
الْفَرْدِ,al-pardi
الصَّمَدِ,aṣ-ṣamadi
فَقِيْرٍ,paqirin
حُسَيْنُ,ẖusainu
بْنُ,bnu
سَبَعْدَ,saba'da
تࣤڮࣤسْنَا,těgěsna
ۑَرِيَوسْ,ñarios
هَمْبَ,hamba
فَقِيْر,paqir
هِنَا,hina
تࣤئَيَا,těaya
دَايَا,daya
اَڠِيْڠ,aṅiṅ
مِهَارࣤفْ,miharěp
فࣤرْتُلُوْڠَنْ,pěrtuluṅan
سُبْحَانَهُ,subẖanahu
وَتَعَالٰى,wata'alā
مَهَا,maha
كَوَاسَ,kawasa
اَرِىْ,ari
صَمَدْ,ṣamad
فُتْرَا,putra
ص,ṣ
م,m
فَقِيرْ,paqir
إعْلَمْ,i'lam
كَۑࣤهَوْكࣤنْ,kañěhokěn
كُوْ,ku
اَنْجࣤنْ,anjěn
هَىْ,he
طَالِبْ,ṯalib
كِتَابْ,kitab
دِاَتُورْ,diatur
رَافِىْسَرࣤڠْ,rapisarěṅ
نࣤرَاڠْكࣤنْ,něraṅkěn
رُفِى٢,rupi2
دِاَنْتَرَانَا,diantarana
لَالِى,lali
فِكِيرْ,pikir
بࣤبࣤلْ,běběl
عَقَلْ,'aqal
خبل,ḵbl
اَيْدَانْ,edan
بࣤڠْهَارْ,běṅhar
تَوَكَّلْ,tawakkal
هَاوࣤكْ,hawěk
نُمَاوِىْ,numawi
دِنَامِيَانْ,dinamian
الْمُتَّقِينْ,al-muttaqin
سࣤئࣤرْنَا,sěěrna
لِمَا,lima
سَسُوَايْ,sasuai
رُكُنْ,rukun
اࣤيَا,ěya
فࣤرْكَرَا,pěrkara
كَاهِجِ,kahiji
بَدَيْ,bade
تَفَكُّرْ,tapakkur
ۑَا,ña
اَيْتَ,eta
كَۑَهَوْكࣤنْ,kañaokěn
هِجِ,hiji
ڠَرُكْسَكْ,ṅaruksak
كَهَادَيْيَنْ,kahadean
فِكࣤنْ,pikěn
تَقْوٰى,taqwā
تِيَاسَ,tiasa
ڠَڠْڮرَانْ,ṅaṅgran
كࣤرْ,kěr
نُجُوْ,nuju
عَمَلْ,'amal
صَالِحْ,ṣaliẖ
جَلَمَ,jalama
سَلَامِيْنَا,salamina
دِنَا,dina
كَبَڮْجَائَنَ,kabagjaana
ڠَدَاوُهْ,ṅadawuh
يَوْمَئِذٍ,yaumaiḋin
يَصْدُرُ,yaṣduru
النَّاسُ,an-nasu
اَشْتَاتًا,aśtatan
لِّيُرَوْا,lliyurau
اَعْمَالَهُمْ,a'malahum
فَمَنْ,paman
يَعْمَلْ,ya'mal
مِثْقَالَ,miṫqala
ذَرَّةٍ,ḋarratin
خَيْرًا,ḵairan
يَّرَهُ,yyarahu
وَمَنْ,waman
يَّعْمَلْ,yya'mal
شَرًّا,śarran
هَرْتَوسْنَا,hartosna
فَوْوَيْ,powe
ايْتَ,ita
جَلْمَ٢,jalma2
بَكَلْ,bakal
اِنْدِيتْ,indit
فَبُوْرِسَتْ,paburisat
لَنْتَرَانْ,lantaran
كَمَرَانَيهْنَا,kamaranehna
بَارِسْ,baris
دِتَيمْبَوڠْكࣤنْ,ditemboṅkěn
سَڮَلَ,sagala
فَڮَوَبْيَنَنَا,pagawabyanana
سِڠْ,siṅ
سَهَا,saha
اَنَوْ,ano
ڠَالَمْفَهْكࣤنْ,ṅalampahkěn
سَنَجَنْ,sanajan
ڠَنْ,ṅan
بࣤرَاتْ,běrat
كࣤبُولْ,kěbul
مُسْتِى,musti
مَنَيهْنَا,manehna
نَينْجَوْ,nenjo
هَدَيْنَا,hadena
ڠَلَمفَهْكࣤنْ,ṅalampahkěn
كَجَهَاتَنْ,kajahatan
سَابࣤرَاتْ,saběrat
فَسْتِى,pasti
مَنَهْنَا,manahna
جَهَتْنَا,jahatna
شَعِيرْ,śa'ir
هَدَيْ,hade
فِوࣤلَسْ,piwělas
سَااࣤتِيكْ,saětik
ۑَرِتَا,ñarita
لَوْبَا,loba
دِڮَوَيْ,digawe
سَبَالِكْنَا,sabalikna
مَوْاَلْ,moal
دِفِوࣤلَسْ,dipiwělas
جَلْمَ,jalma
عَمَلْنَا,'amalna
ڮَوْرَيْڠ,goreṅ
تَفِى,tapi
بَرِيْ,bari
تࣤبِسَا,těbisa
كِتُوْ,kitu
ڮࣤرَا,gěra
فࣤرَاكْ,pěrak
ڠَمَلْكࣤنْ,ṅamalkěn
نُوْ,nu
هَادَيْ٢,hade2
تࣤبِهَانْ,těbihan
تࣤهَادَيْ,těhade
سُفَادَوسْ,supados
كَيْڠِيْڠ,keṅiṅ
شُرْڮَا,śurga
نَرَاكَ,naraka
اَنْتَرَانَا,antarana
اُوْفَمِى,upami
هَوْيَوڠْ,hoyoṅ
كَبَڮْجُأَنْ,kabagjuan
سِڠْ,siṅ
ڮࣤتَولْ,gětol
صَلَاةْنَا,ṣalatna
ذِكِرْنَا,ḋikirna
تَحَجُّدْنَا,taẖajjudna
فُوَاسَنَا,puasana
سࣤئࣤرْ٢,sěěr2
دࣤئِى,děi
اُوْلَهُ,ulahu
جَدِىْ,jadi
سَوكْ,sok
ڠࣤلَاكُوْكَنْ,ṅělakukan
مَعْصِيَةْ,ma'ṣiyat
اَللهْ,allāh
سَفࣤرْتِ,sapěrti
ڠِنُومْ,ṅinum
اَرَاكْ,arak
مَابَوكْ٢,mabok2
ڠَلَڠْڮَرْ,ṅalaṅgar
دِچࣤڮَهْ,dicěgah
حُكُمْ,ẖukum
شَرَعْ,śara'
تَعَلٰى,ta'alā
فِرْمَانْ,pirman
قُرْاٰنْ,qurān
يَآيُّهَا,yaāyyuha
الَّذِيْنَ,allaḋina
اٰمَنُوْا,āmanu
لَا,la
تَقْرَبُوا,taqrabu
الصَّلٰوةَ,aṣ-ṣalāwta
وَاَنْتُمْ,waantum
سُكَرٰى,sukarā
حَتّٰٰٰٰى,ẖattā
تَعْلَمُوْا,ta'lamu
تَقُوْلُوْنَ,taquluna
هَيْ,he
اَرِيْمَانْ,ariman
فَوْمَا,poma
مَرَانَيهْ,maraneh
اُوْلَهْ,ulah
دࣤكࣤتْ٢,děkět2
كَنَ,kana
مَبَوكْ,mabok
مَهْ,mah
مَيْمَيهْ,memeh
تࣤرَاڠْ,těraṅ
سَنِيسْكَارَا,saniskara
دِاُوْچَفْكࣤنْ,diucapkěn
ۑَڠْكَا,ñaṅka
تࣤمَاكَيْ,těmake
رُكُوعْ,ruku'
سُجُودْ,sujud
حَاضِرْ,ẖaḏir
هَاتَيْ,hate
بَرِىْ,bari
اَيْمُوتْ,emut
كَااَللّٰهْ,kaallāh
وَتَعَلٰى,wata'alā
سَبْدَا,sabda
وَسَلَّمَ,wasallama
صَلَاةَ,ṣalata
اِلَّا,illa
بِحُضُوْرِ,biẖuḏuri
الْقَلْبِ,al-qalbi
چَنْ,can
دِسࣤبُوتْ,disěbut
حَضِرْ,ẖaḏir
هَاتَيْنَا,hatena
دَاوُهَنَنَا,dawuhanana
بِسَا,bisa
اِسْتِقَامَةْ,istiqamat
كُوْدُ,kudu
تࣤتࣤفْ,tětěp
سِيࣤنْ,siyěn
سَئࣤتِكْ,saětik
بَرَاڠْ,baraṅ
تُوَاڠْ,tuaṅ
چَچَارِيَوْسَنْ,cacariosan
كُولࣤمْ,kulěm
قَنَاعَةْ,qana'at
سࣤبَبْ,sěbab
فَلَجَرَانْ,palajaran
دِلُهُورْ,diluhur
بِيࣤ,biyě
اَوْلَهْ,olah
تَيهْ,teh
تࣤمْفَتْ,těmpat
ۑَيَڠْنَا,ñayaṅna
شَيْطَانْ,śeṯan
مَكَ,maka
دِمَنَاڮࣤسْ,dimanagěs
مࣤنَڠْ,měnaṅ
فِتُوْلُوڠْ,pituluṅ
دُوڮِى,dugi
كَامَوتْنَا,kamotna
دِاُوْبَرَانْ,diubaran
ڮࣤسْ,gěs
لَوبَ,loba
سَلَهْنَا,salahna
مَتَكْ,matak
فَائَيهْ,paeh
دِمَنَا,dimana
تُتُمْفَاكَنْ,tutumpakan
كࣤنْدَرَأَنْ,kěndaraan
اَرَانْجࣤنْ,aranjěn
چࣤكْ,cěk
تِنَا,tina
بَسَا,basa
مَرَانَيْهَنَنَا,maranehanana
فِكِرَانْ,pikiran
ڠَهِجِنَا,ṅahijina
كَرَاكْسَا,karaksa
دُڮِى,dugi
اَخَيْرَةْ,aḵerat
اِنَّهُ,innahu
اَلتَّفَكُّرُ,at-tapakkuru
الْاٰخِرَةِ,al-āḵirati
يُوْرِثُ,yuriṫu
لْحِكْمَةَ,lẖikmata
يُحْيِ,yuẖyi
الْقَلْبَ,al-qalba
وَالتَّفَكُّرُ,wattapakkuru
الدُّنْيَا,ad-dunya
حِجَابٌ,ẖijabun
عَلَى,'ala
تࣤمࣤنْ٢نَا,těměn2na
فِكِرْ,pikir
ڠَلِيْفُوْتَنْ,ṅaliputan
حِكْمَةْ,ẖikmat
ڠَاهِيْرُفْكࣤنْ,ṅairupkěn
ڠَاحِجَابْ,ṅaẖijab
ڠَاهَلَاڠْ٢,ṅahalaṅ2
دِسِكْسَا,disiksa
لࣤوِهْ,lěwih
تِبَاتَانْ,tibatan
فࣤڮَتْ,pěgat
مَوتْ,mot
ذِكِرْ,ḋikir
چَونْتَوْنَا,contona
تَوْحِيْدمَعْرِفَةْ,toẖidma'ripat
تَنْدَانَا,tandana
اِيْمَانْ,iman
رَسُوْلُ,rasulu
اللّٰٰهِ,allāāhi
اَلْاِيْمَانُ,al-imanu
بَيْنَ,baina
الخَوْفِ,al-ḵaupi
وَالرَّجَاءِ,war-rajai
وَيُقَدَّمُ,wayuqaddamu
الرَّجَاءِ,ar-rajai
هُوَا,hua
الْفَرْعُ,al-par'u
اَصْلَ,aṣla
لَهُ,lahu
فَرْعَ,par'a
ڠَارࣤفْ٢,ṅarěp2
عِبَرَاتْ,'ibarat
دَهَنَا,dahana
تࣤبَوْڮَا,těboga
تَڠْكَلْ,taṅkal
بࣤرْاَرْتِى,běrarti
دَاهَنْ,dahan
كَتࣤرَاڠَنْ,katěraṅan
بُوَاهْنَا,buahna
تَوْبَةْ,tobat
رَجَاءْ,raja`
تࣤسِيࣤنْ,těsiyěn
تࣤمࣤنَڠْ,těměnaṅ
اُوْفَمِىْ,upami
تَفِىْ,tapi
دَوْسَ,dosa
ڮࣤدَيْ,gěde
سَمِى,sami
خِلَافْ,ḵilap
كَچِدَا,kacida
فِيْسَنْ,pisan
نَنَا,nana
صَيْحَةْ,ṣeẖat
ڠَيْلَيهْكࣤنْ,ṅelehkěn
كَجَاهَتَنْ,kajahatan
ڠَبِيَاسَكࣤنْ,ṅabiasakěn
مِڮَوَيْ,migawe
كَيْڠِيڠْ,keṅiṅ
كِتُو,kitu
كَااَيَأَنَنَا,kaayaanana
اَسُوفْ,asup
شُورْڮَا,śurga
تَنْدَا٢,tanda2
اَهْلِ,ahli
سَلَافَنْ,salapan
تࣤڠَهْ,těṅah
وࣤڠِىْ,wěṅi
مُوْرَهْ,murah
اࣤدَبْ,ědab
تَوَاضُعْ,tawaḏu'
رࣤنْدَاهْ,rěndah
دِيْرِيْ,diri
ڠَبࣤرْسِهْكࣤنْ,ṅaběrsihkěn
دِيْرِنَا,dirina
دِسࣤبُوةْ,disěbut
فِيْكِرْ,pikir
ۑَااَيْتَ,ñaeta
اَوْلِيَاءْ,olia`
اَنْبِيَاءْ,anbia`
سِيࣤنَا,siyěna
دِچَائَڠْكࣤنْ,dicaaṅkěn
چَائَڠْ,caaṅ
دِفَاسِهَنْ,dipasihan
نُورْ,nur
تࣤمْبُوسْ,těmbus
نࣤفِى,něpi
ڠَبَيْدَاكࣤنْ,ṅabedakěn
نُوْهَادَيْ,nuhade
نُوْڮَوْرَيڠْ,nugoreṅ
سَلِيْلَانَا,salilana
كَبَڮْجَاءَنْ,kabagjaan
دِفِكَارِضَا,dipikariḏa
دِكَفْلِڠْ,dikapliṅ
كَااَيَائَنْ,kaayaan
رُوْڮِىْ,rugi
تَنْدَا,tanda
ڠَرَاسَ,ṅarasa
لُهُورْ,luhur
فَڠْكَتْنَا,paṅkatna
فَوْهَوْ,poho
هَرْتَا,harta
صَدَقَهْ,ṣadaqah
چِنْتَا,cinta
فَڮَوَيْيَنْ,pagaweyan
فَفَاكَيْيَانْ,papakean
اَوَيْوَيْ,awewe
سَارَيَْ,sare
دَاهَرْ,dahar
ڠِنُومْنَا,ṅinumna
رُوْڮِى,rugi
رُكْسَكْ,ruksak
دُنْيَانَا,dunyana
اَڮَامَنَا,agamana
سَتࣤرُسْنَا,satěrusna
سَسَارْ,sasar
سَسَار,sasar
فَئَيهْ,paeh
فَڮَوَيْيَنَنَا,pagaweyanana
بَيْدَانَا,bedana
اَيْلِيْڠ,eliṅ
ڠَدُعَاءْ,ṅadu'a`
دِتࣤڠَهْ,ditěṅah
سَامَيْمَيهْ,samemeh
فَجَرْ,pajar
اࣤسِنَا,ěsina
نُونْ,nun
مُوْڮِىْ,mugi
ڮُسْتِى,gusti
ڠَجَدِيْكࣤنْ,ṅajadikěn
اَبْدِىْ,abdi
جَدِيْ,jadi
سَكُوْمَهَا,sakumaha
وَالِى,wali
سُوْفَدَوسْ,supados
جَنْتࣤنْ,jantěn
تَعَالىٰ,ta'alā
صَلَوَاةْ,ṣalawat
مُوْڮِى,mugi
دِلِيمْفَهْكࣤنْ,dilimpahkěn
كَڠْجࣤڠْ,kaṅjěṅ
صَحَابَتْنَا,ṣaẖabatna
اُمَّةْنَا,ummatna
دَوَامْ,dawam
دِهَافُوسْ,dihapus
سَرَيْبُوْ,sarebu
كَجَهَتَنْ,kajahatan
دِبَيْرَيْ,dibere
كَبَڮْجَائَنْ,kabagjaan
جࣤڠ,jěṅ
وَاكَا,waka
دِكَلُوَارْكࣤنْ,dikaluarkěn
تِى,ti
دِتِڠَالِيْكࣤنْ,ditiṅalikěn
فِتࣤمْفَاتࣤنْ,pitěmpatěn
دِسُوْچِيْكࣤنْ,disucikěn
كَامُنَافِقَنْ,kamunapiqan
شِرِكْ,śirik
دࣤڠْكِىْ,děṅki
اَمْبࣤكْ,amběk
تࣤرُسْ,těrus
لَيْتَهْنَا,letahna
بَوْهَوڠْ,bohoṅ
ڠُوْفَتْ,ṅupat
دِرَكْسَا,diraksa
فَنَوْنَا,panona
نِڠَالِى,niṅali
كَامَعْصِيَتَنْ,kama'ṣiyatan
جَڮَا,jaga
طَاعَةْ,ṯa'at
تِيَفْ,tiyap
فَائِدَهْنَا,paidahna
فَائِدَهْ,paidah
تِيَفْ٢,tiyap2
مَنْفَعَةْنَا,manpa'atna
دِبَارࣤڠَنْ,dibarěṅan
اِخْلَاص,iḵlaṣ
اَلْبَابُ,al-babu
الثَّنِى,aṫ-ṫani
بَيَانِ,bayani
الْعِلْمِ,al-'ilmi
وَالْجَهْلِ,wal-jahli
اِعْلَمْ,i'lam
اَيُّهَا,ayyuha
الصَّالِحُ,aṣ-ṣaliẖu
اَنَّ,anna
الدَّ,ad-da
رَجَاتِ,rajati
لَاتُحَصَّلُ,latuẖaṣṣalu
بِالْعِلْمِ,bial-'ilmi
كَادُوَا,kadua
بَوْڮَا,boga
بَوْدَوْ,bodo
دَرَجَةْ,darajat
اَڠِيڠْ,aṅiṅ
ڠَبَوْڮَائَنْ,ṅabogaan
وَالَّذِيْنَ,wallaḋina
اُوْتُوْاالْعِلْمَ,utuaal-'ilma
دَرَجَاتٍ,darajatin
ڠَڠْكَتْ,ṅaṅkat
سَبَرَاهَا,sabaraha
دِفَفَرِينْ,dipaparin
اِخْلَاصْ,iḵlaṣ
مِنَڠْكَا,minaṅka
كَوْنْچِنَا,koncina
تࣤ,tě
سَامِى,sami
ڠُومْفُلْكࣤنْ,ṅumpulkěn
دَوْسَا,dosa
سَاسَرْ,sasar
ڮࣤدَيْنَا,gědena
هࣤنْتࣤ,hěntě
كَيَا٢,kaya2
كُفُرْ,kupur
وَتَعَالَى,wata'ala
تُشْرِكْ,tuśrik
بِااللّٰهِ,biaallāhi
اِنَّ,inna
الشِّرْكَ,aś-śirka
لَظُلْمٌ,laẕulmun
عَظِيْمٌ,'aẕimun
يࣤهْ,yěh
اَنَكِيڠْ,anakiṅ
ۑَرِيْكَتْكࣤنْ,ñarikatkěn
نَائَونْ٢,naon2
كࣤرَانَ,kěrana
سَئࣤۑَانَ,saěñana
اِسْتُوْنِيْڠ,istuniṅ
كَاظَالِمَنْ,kaẕaliman
رِيَاءْ,ria`
جَاهِلْ,jahil
فَدࣤكࣤتْ,paděkět
سَفࣤرْةِ,sapěrti
اُوْرَةْ,urat
بࣤهࣤڠْ,běhěṅ
سَرُوَا,sarua
سَبࣤنࣤرْنَا,saběněrna
جَاؤُهْ,jauh
مَشْرِكْ,maśrik
مَغْرِبْ,maġrib
ڠَدَاوُةْ,ṅadawuh
اَلْجَاهِلُ,al-jahilu
اَقْرَبُ,aqrabu
الْكُفْرِ,al-kupri
دࣤكࣤتْ,děkět
كَانَا,kana
عِبَارَاةْ,'ibarat
مَتَا,mata
بَوْ٢دَاسْنَا,bo2dasna
هِيْدࣤڠْنَا,hiděṅna
حَقَيْقَتْنَا,ẖaqeqatna
فَتِى,pati
بُوْتُهْ,butuh
فُوْسِڠْ,pusiṅ
تَعَالى,ta'al
حَقِيْقَتْنَا,ẖaqiqatna
بِڠُوڠْ,biṅuṅ
اُرُوْسَنْ,urusan
مَنَيْهَانَنَا,manehanana
اَنْجِڠْ,anjiṅ
ڮَلَاكْ,galak
دَاوُهْ,dawuh
فَضْلُ,paḏlu
الْعَالِمُ,al-'alimu
الْعَابِدِ,al-'abidi
كَفَضْلِى,kapaḏli
اُمَّتِى,ummati
اُوْتَمَنَا,utamana
كَاعَابِدْ,ka'abid
مُلْيَانَا,mulyana
كَؤُلَا,kaula
مُلْيَا,mulya
زَاهِدْ,zahid
عَابِدْ,'abid
شَهِيدْ,śaid
اَلْعَالِمُ,al-'alimu
اْلواحِدُ,al-waẖidu
اَكْرَمُ,akramu
عنْدَا,'nda
للّٰهِ,llāhi
اَلفِ,al-pi
شَهِيدٍ,śaidin
فاِنْ,pain
قِيلَ,qila
هُوَاَكْرَمُ,huaakramu
عِنْدَاللّٰهِ,'indallāhi
مُوڠْڮُهْ,muṅguh
تِبَاتَنْ,tibatan
شَاهِدْ,śahid
اَتَوَا,atawa
عَالِم,'alim
دِمُلْيَاكࣤنْ,dimulyakěn
اَلُوسْ,alus
عِبَادَهْنَا,'ibadahna
كَلَكُوَانَنَا,kalakuanana
هَنْدَافْ,handap
اَسَورْ,asor
تَرَاڠَا,taraṅa
ۑࣤۑࣤرِى,ñěñěri
بَاتُورْ,batur
تُوْلُيْ,tului
مَعْرِفَةْ,ma'ripat
كِرَا٢,kira2
مَنَا,mana
اِنَّمَا,innama
يَخْشَى,yaḵśa
اللّٰهَ,allāha
عِبَادِهِ,'ibadihi
الْعُلَمَاءُ,al-'ulamau
عَابِدْنَا,'abidna
جࣤلَاسْ,jělas
مُلْيَاءْ,mulya`
وَاوُهْ,wawuh
يَعْنِى,ya'ni
ۑَهَوْ,ñao
كَرَا,kara
تَفَكُرْ,tapakur
النَّبِيُّ,an-nabiyyu
لِكُلِّ,likulli
شَيْءٍ,śai`in
مَعْدِنٌ,ma'dinun
مَعْدِنُ,ma'dinu
التَّقْوٰى,at-taqwā
قُلُوْبُ,qulubu
الْعَارِفِيْنَ,al-'aripina
سَااَيسْتُوْنَا,saestuna
تࣤمْفَتْنَا,těmpatna
اُنِڠَا,uniṅa
اَتُورَانْ,aturan
لَرَاڠَنْ,laraṅan
هَادَيْ,hade
بَتَنْ,batan
كَوَاجِبَنْ,kawajiban
مُسْلِمِينْ,muslimin
مُسْلِمَاتْ,muslimat
ڠَلَاهِرْ,ṅalahir
طَلَبُ,ṯalabu
فَرِيْضَةٌ,pariḏatun
كُلِّ,kulli
مُسْلِمٍ,muslimin
مُسْلِمَةٍ,muslimatin
مِلَارِىْ,milari
مُسْلِمْ,muslim
لَلَاكِى,lalaki
نِڠْڮَلْكࣤنْ,niṅgalkěn
فَرْضُ,parḏu
دِفَرْضُوْكࣤنْ,diparḏukěn
لِرْ,lir
بَوْدَاسْ,bodas
هِيْدࣤڠْ,hiděṅ
نَائَونْ,naon
سَبَبْنَا,sababna
ڠَاوُجُودْ,ṅawujud
ڠَلَكَوْنَنْ,ṅalakonan
فَرْضُوْنَا,parḏuna
سُنَةْ٢نَا,sunat2na
اِنْتࣤنْ,intěn
بَاتُوْ,batu
هِيْرُفْ,hirup
اَبُو,abu
الْقَاسِمْ,al-qasim
عِبَارَاتْ,'ibarat
مَائَوتْ,maot
عَالم,'alm
تُوْكَڠْ,tukaṅ
مَابَوكْ,mabok
اَخِرْنَا,aḵirna
چِلَاكَ,cilaka
دِتَمْفِى,ditampi
مَقْبُولْ,maqbul
دِتَوْلَقْ,ditolaq
مَرْدُودْ,mardud
حَرَامْ,ẖaram
نِعْمَةْ,ni'mat
سَالِيَنْ,saliyan
دَاوُهَنْ,dawuhan
عِيْسٰى,'isā
السَّلَامُ,as-salamu
عَجِبْتُ,'ajibtu
الْقَانِعِ,al-qani'i
بِالْجَهْلِ,bial-jahli
اَنَيهْ,aneh
فِنْتࣤرْ,pintěr
كَابَوْدَوْاَنَنَا,kabodoanana
سَيَكْتُسْنَا,sayaktusna
دِتَرِيْمَا,ditarima
عِلْمُوْنَا,'ilmuna
فَنْدَيْتَا,pandeta
بَهࣤلَا,bahěla
دَاوُودْ,dawud
دَاوُدَ,dawuda
الزَّاهِدَ,az-zahida
يَصْلُحُ,yaṣluẖu
كَمَا,kama
الْجَسَدَ,al-jasada
يَصِحُّ,yaṣiẖẖu
بِالرُّوْحِ,biar-ruẖi
وَالْعِلْمُ,wal-'ilmu
مَعَ,ma'a
الْعَمَلِ,al-'amali
الزَّرْعَ,az-zar'a
بِالْمَاءِ,bial-mai
وَبهٰذَا,wabhāḋa
نَجَاةَ,najata
لِاَحَدٍ,liaẖadin
عَمِلَ,'amila
بِعِلْمِهِ,bi'ilmihi
زُهُدْ,zuhud
كَسࣤبُوتْ,kasěbut
﻿قِصَصُ,qiṣaṣu
الْأَنْبِيَآءِ,al-anbiyāi
تَوْكَوْ,toko
كَايِرَوْ,kayiro
تَاسِيكْمَلَايَا,tasikmalaya
اَلْحَمْدُ,al-ẖamdu
حَقَّ,ẖaqqa
حَمْدِهٖ,ẖamdihī
لَقَدْ,laqad
فِيْ,pi
قَصَصِهِمْ,qaṣaṣihim
عِبْرَةٌ,'ibratun
لِأُوْلِي,liuli
الْأَلْبَابِ,al-albabi
أَيَا,aya
دِيْنَ,dina
چَرِيْئُوْس,carius
فَرا,para
نَبِيْ,nabi
فِرَاڠْ٢,piraṅ2
فِتُوتُرْ,pitutur
فِيْكࣤنْ,pikěn
بَرَوْؼَا,baroga
هِجِيْ,hiji
ڠَدَامࣤلْ,ṅadaměl
ۑَأࣤيْتَ,ñaěita
مَنُوْسَ,manusa
مُڠْؼَارَانْ,muṅgaran
كَارُوْهُنْنَا,karuhunna
سَكَابَيْهْ,sakabeh
دَامࣤلْنَا,damělna
تَنࣤهْ,taněh
وَبَدَأَ,wabadaa
خَلْقَ,ḵalqa
الْإِنْسَانِ,al-insani
طِيْنٍ,ṯinin
هَرْتَوْسْنَا,hartosna
ڠَامِيْمِيْتِيَانْ,ṅamimitian
مَنُوْسَا,manusa
تَيْهْ,teh
تࣤأَچَنْنَا,těacanna
اللهْ,allāh
سَاكَابَيْهْ,sakabeh
مَلَآئِكَةْ,malaāikat
إِذْ,iḋ
رَبُّكَ,rabbuka
لِلْ,lil
مَلَآئِكَةِ,malaāikati
إِنِّيْ,inni
جَاعِلٌ,ja'ilun
فِي,pi
الْأَرْضِ,al-arḏi
خَلِيْفَةً,ḵalipatan
فَڠَيْرَانْ,paṅeran
ڠَدَوُهْ,ṅadawuh
سَائِيسْتُوْنَا,saistuna
كَامِيْ,kami
رَيْكْ,rek
ڠَايُوْؼَاكࣤنْ,ṅayugakěn
بُوْمِيْ,bumi
قَالُوْآ,qaluā
أَتَجْعَلُ,ataj'alu
فِيْهَا,piha
يُفْسِدُ,yupsidu
وَيَسْفِكُ,wayaspiku
الدِّمَآءَ,ad-dimāa
نَحْنُ,naẖnu
نُسَبِّحُ,nusabbiẖu
بِحَمْدِكَ,biẖamdika
وَنُقَدِّسُ,wanuqaddisu
لَكَ,laka
ڠَوَالَوْنْ,ṅawalon
نَهَا,naha
ؼࣤنِيڠْ,gěniṅ
ؼُسْتِيْ,gusti
ڠࣤرْسَاكࣤنْ,ṅěrsakěn
ڠَيَوؼَاكࣤنْ,ṅayogakěn
مَخْلُوقْ,maḵluq
أَنُوْ,anu
بَرِيسْ,baris
نِمْبُولْكࣤنْ,nimbulkěn
كَارُوْسَاكَنْ,karusakan
ڠَوْچَوْرْكࣤنْ,ṅocorkěn
ؼࣤتَيْهْ,gětih
فَدَحَالْ,padaẖal
عَبْدِيْسَدَأَيَا,'abdisadaaya
سَلَامِنَا,salamina
ڠࣤمَهَا,ṅěmaha
سُوْچِيْكࣤنْ,sucikěn
مُوْجِيْ,muji
ڠࣤمُلْيَاكࣤنْ,ṅěmulyakěn
أَعْلَمُ,a'lamu
تَعْلَمُوْنَ,ta'lamuna
اَلله,allāh
ڠࣤدَاوُهْ,ṅědawuh
سَئَيْسْتُوْنَا,saestuna
أُوْنِيْڠَا,uniṅa
سَنِسْكَارَا,saniskara
فِكَاۑَهَوْ,pikañao
مَرَانَيْهْ,maraneh
عَلَّمَ,'allama
آدَمَ,ādama
الْأَسْمَآءَ,al-asmāa
كُلَّهَا,kullaha
ثُمَّ,ṫumma
عَرَضَهُمْ,'araḏahum
الْمَلَآئِكَةِ,al-malaāikati
تُوْلُويْ,tului
أَنْجࣤنَا,anjěna
ڠَوُلَڠْكࣤنْ,ṅawulaṅkěn
فࣤرْكَارَا,pěrkara
ڠَرَنْ,ṅaran
بَرَڠْ٢,baraṅ2
سَاكُمْنَا,sakumna
أࣤيْتَ,ěita
أَنْجࣤنْنَا,anjěnna
فِنْتَونْكࣤنْ,pintonkěn
فَقَالَ,paqala
أَنْبِؤُنِيْ,anbiuni
بِأَسْمَآءِهٰؤُلَآءِ,biasmāihāulāi
إِنْ,in
كُنْتُمْ,kuntum
صَادِقِيْنَ,ṣadiqina
سَرْتَا,sarta
چِيڠْ,ciṅ
بَيْجَاكࣤنْ,bejakěn
أَيْتَ,eta
أُوْفَمَا,upama
أࣤۑَ,ěña
بَالࣤنࣤرْ,balěněr
قَالُوْا,qalu
سُبْحَانَكَ,subẖanaka
عِلْمَ,'ilma
إِلَّا,illa
عَلَّمْتَنَا,'allamtana
إِنَّكَ,innaka
أَنْتَ,anta
الْعَلِيْمُ,al-'alimu
الْحَكِيْمُ,al-ẖakimu
ڠَاوَلَونْ,ṅawalon
سُوْچِيْ,suci
عَبْدِيْسَدَيَا,'abdisadaya
نَؤَنْ,naon
جَابِيْ,jabi
تِيْ,ti
فَرَنْتَوْسْ,parantos
فَفَرِينْكࣤنْ,paparinkěn
سَيࣤكْتَوسْنَا,sayěktosna
ۑَؼُسْتِيْ,ñagusti
وِيْجَكْسَانَ,wijaksana
يَآ,yaā
آدَمُ,ādamu
أَنْبِئْهُمْ,anbi`hum
بِأَسْمَآئِهِمْ,biasmāihim
نِمْبَالَنْ,nimbalan
بِيْجَاكࣤنْ,bijakěn
مَانَيْهْ,maneh
بَرَاڠْ٢,baraṅ2
فَلَمَّا,palamma
أَنْبَأَهُمْ,anbaahum
أَلَمْ,alam
أَقُلْ,aqul
لَكُمْ,lakum
غَيْبَ,ġaiba
وَالْأَرْضِ,wal-arḏi
تُبْدُوْنَ,tubduna
تَكْتُمُوْنَ,taktumuna
فࣤرࣤكْ,pěrěk
نَتَأَنْ,nataan
بَرَڠْ,baraṅ
لَئِنْ,lain
تَدِيْ,tadi
ؼࣤسْ,gěs
لࣤوِيهْ,lěwih
سَانِيْسْكَارَا,saniskara
رَاسِيهْ,rasih
لَڠِيتْ,laṅit
بُومِيْ,bumi
سَانِيسْكَارَا,saniskara
تَيمْبࣤرَكْكࣤنْ,temběrakkěn
رَاسِيَهْكࣤنْ,rasiyahkěn
وَإِذْ,waiḋ
قُلْنَا,qulna
لِلْمَلَآئِكَةِ,lilmalaāikati
اسْجُدُوْا,asjudu
لِآدَمَ,liādama
فَسَجَدُوْا,pasajadu
إِبْلِيْسْ,iblis
أَبٰى,abā
وَاسْتَكْبَرَ,wastakbara
وَكَانَ,wakana
الْكٰفِرِيْنَ,al-kāpirina
نِيمْبَالَنْ,nimbalan
ؼࣤرَا,gěra
سَرُوجُدْ,sarujud
بࣤرࣤكْ,běrěk
إِبْلِيسْ,iblis
مُوؼࣤنْ,mugěn
أࣤمْبُوڠࣤنْ,ěmbuṅěn
سُجُدْ,sujud
سَرْتَ,sarta
تَكَبُرْ,takabur
لَنْتَرَنْ,lantaran
مَانَيْهْنَا,manehna
أَنْتَرَا,antara
كٰفِرِيْنْ,kāpirin
كَدُوَا,kadua
حَالْ,ẖal
سِتِيْ,siti
حَوَاءْ,ẖawa`
عَلَيْهَا,'alaiha
الَّذِيْ,allaḋi
خَلَقَكُمْ,ḵalaqakum
نَفْسٍ,napsin
وَّاحِدَةٍ,wwaẖidatin
وَّجَعَلَ,wwaja'ala
مِنْهَا,minha
زَوْجَهَا,zaujaha
لِيَسْكُنَ,liyaskuna
إِلَيْهَا,ilaiha
ۑَأَنْجࣤنَا,ñaanjěna
جِيْوَا,jiwa
تِدِيْۑَا,tidiña
بُوْجُوْنَا,bujuna
سُوْكَا,suka
بُوڠَهْ,buṅah
صلعم,ṣl'm
إِنَّ,inna
الْمَرْأَةَ,al-marata
خُلِقَتْ,ḵuliqat
ضِلْعٍ,ḏil'in
أَعْوَجَ,a'waja
الضَّلْعِ,aḏ-ḏal'i
أَعْلَاهُ,a'lahu
فَإِنْ,pain
ذَهَبْتَ,ḋahabta
تُقِيْمُهُ,tuqimuhu
كَسَرْتَهُ,kasartahu
تَرَكْتَهُ,taraktahu
لَمْ,lam
يَزَلْ,yazal
فَاسْتَوْصُوْا,pastauṣu
بِالنِّسَاءِ,bian-nisai
أَرِيْ,ari
إِسْتࣤرِيْ,istěri
إِؼَا,iga
بࣤڠْكَوڠْ,běṅkoṅ
فَڠْبࣤڠْكَوڠْنَا,paṅběṅkoṅna
يَأَيْتَ,yaeta
تُوْلَڠْ,tulaṅ
فَڠْلُوْهُرْنَا,paṅluhurna
كُوْمَانَيْهْ,kumaneh
لࣤمْفࣤڠْكࣤنْ,lěmpěṅkěn
تࣤڠْتُوْ,těṅtu
فَوْتَوڠْ,potoṅ
أَنْتࣤفْ,antěp
كِيْتُوْ,kitu
نَا,na
مِيْهَافَي,mihape
سِيڠْ,siṅ
هَرَادࣤي,haradě
ۑَا,ña
قَومْ,qom
وَانِيْتَا,wanita
تِلُوْ,tilu
كࣤيڠࣤيڠْ,kěṅěṅ
چُوْچُوْبَا,cucuba
وَقُلْنَا,waqulna
اٰدَمُ,ādamu
اسْكُنْ,askun
وَزَوْجُكَ,wazojuka
الْجَنَّةَ,al-jannata
وَكُلَا,wakula
رَغَدًا,raġadan
حَيْثُ,ẖaiṫu
شِئْتُمَا,śi`tuma
تَقْرَبَا,taqraba
هٰذِهِ,hāḋihi
الشَّجَرَةَ,aś-śajarata
فَتَكُوْنَا,patakuna
الظَّالِمِيْنَ,aẕ-ẕalimina
سࣤكْ,sěk
مَأَتُوْهْ,maatuh
إِيࣤ,iyě
سُوَرْؼَا,suwarga
بَرࣤڠْ,barěṅ
فَيكْ,pek
دَالَهَرْ,dalahar
كَدَاهَرَنْ,kadaharan
سَكَاهَيَڠْ,sakahayaṅ
تَافِيْ,tapi
أَوْمَتْ,omat
أُوْلَهْ,ulah
وَانِيْ٢,wani2
ڠَدࣤاكࣤتَنْ,ṅaděkětan
بِسِيْ,bisi
كَأَسُفْ,kaasup
جَلْمَا,jalma
دَرَوْلِمْ,darolim
ڠَاؼُوْدَا,ṅaguda
حَوَا,ẖawa
هَلْ,hal
أَدُلُّكَ,adulluka
شَجَرَةِ,śajarati
الْخُلْدِ,al-ḵuldi
مُلْكٍلَا,mulkinla
يُبْلٰى,yublā
سَلِيْرَا,salira
فَلَي,pale
تُوْدُهْكࣤنْ,tuduhkěn
خُلْدِ,ḵuldi
كَرَوَاتَونْ,karawaton
مُوْءَالْ,mual
چَرَمْ,caram
ڠَادࣤكࣤتَنْ,ṅaděkětan
كُمَا,kuma
رَبُّكُمَا,rabbukuma
عَنْ,'an
الشَّجَرَةِ,aś-śajarati
أَنْ,an
تَكُوْنَا,takuna
مَلَكَيْنِ,malakeni
أَوْ,o
الْخَالِدِيْنَ,al-ḵalidina
سَأࣤۑَنَا,saěñana
أَرَنْدِيْكَ,arandika
ۑَرَمْ,ñaram
ڠَدࣤكࣤتَنْ,ṅaděkětan
تُمࣤتࣤفْ,tumětěp
سَفَافَؤَسْنَا,sapapaosna
سَوَرْؼَا,sawarga
وَقَاسَمَاهُمَا,waqasamahuma
لَكُمَا,lakuma
لَمِنَ,lamina
النَّاصِحِيْنَ,an-naṣiẖina
سُوْسُمْفَهَنْ,susumpahan
سَئِيسْتَوْنَا,saistona
مَاسِيْهَنْ,masihan
نَصِيْحَةْ,naṣiẖat
كَأَرَنْجࣤنْ,kaaranjěn
فَدَلَّهُمَا,padallahuma
بِغُرُوْرٍ,biġururin
تُوْلُوْيْ,tului
وُجُكَنْ,wujukan
أَوْلَوْ٢,olo2
ذَاقَا,ḋaqa
بَدَتْ,badat
لَهُمَا,lahuma
سَوْآتُهُمَا,sauātuhuma
طَفِقَا,ṯapiqa
يَخْصِفَانِ,yaḵṣipani
وَّرَقِ,wwaraqi
الْجَنَّةِ,al-jannati
مَرَانَيْهْنَا,maranehna
ڠَاسَأَنْ,ṅasaan
بُوَاهْ,buah
بُوْلُچُنْ,bulucun
وَيهْ,weh
عَوْرَتْنَا,'auratna
نࣤمْفࣤرَكْ,němpěrak
بُوْرُ٢,buru2
فَكُوْفِسْ,pakupis
نُوْتُفَنْ,nutupan
دَڠْدَوُنَنْ,daṅdawunan
وَنَادَاهُمَا,wanadahuma
رَبُّهُمَا,rabbuhuma
أَنْهَكُمَا,anhakuma
تِلْكُمَا,tilkuma
وَأَقُلْ,waaqul
الشَّيْطَانَ,aś-śeṯana
عَدُوٌّ,'aduwwun
مُّبِيْنٌ,mmubinun
چُوْمࣤلُكْ,cuměluk
أَفَنْ,apan
ڠَالَرَڠْ,ṅalaraṅ
أَرِيْلِڠَنْ,ariliṅan
تَيْتَيْلَا,tetela
مُوْسُوْهْ,musuh
قَالَا,qala
رَبَّنَا,rabbana
ظَلَمْنَا,ẕalamna
أَنْفُسَنَا,anpusana
وَإِنْ,wain
تَغْفِرْلَنَا,taġpirlana
وَتَرْحَمْنَا,watarẖamna
لَنَكُوْنَنَّ,lanakunanna
الْخَاسِرِيْنَ,al-ḵasirina
فَوْكْ,pok
دُوَانَنَا,duanana
ۑَرِيْتَا,ñarita
دُوْهْ,duh
سَيَكْتَوسْنَا,sayaktosna
عَبْدِيْدُوَأَنْ,'abdiduwaan
فَرَانْتَوْسْ,parantos
رُمَؤُسْ,rumaus
ڠَلَمْفَهْكࣤنْ,ṅalampahkěn
أُوْفَمِيْ,upami
كࣤرْسَا,kěrsa
ڠَرَمْفُنْتࣤنْ,ṅarampuntěn
مَفَرِيْنْ,maparin
تَنْوَنْدَيْ,tanwande
كَالࣤبࣤتْ,kalěbět
رُوْؼِيْ,rugi
بِطُوْا,biṯu
بَعْضَكُمْ,ba'ḏakum
لِبَعْضٍ,liba'ḏin
مُسْتَقَرٌّ,mustaqarrun
وَّ,wwa
مَتَاعٌ,mata'un
إِلَى,ila
حِيْنٍ,ẖinin
تِمْبَالَنْ,timbalan
چِكْ,cik
تَرُوْرُنْ,tarurun
أࣤڠْكࣤيْ,ěṅkěi
سَوَارَيهْ,sawareh
مُوْسُهْ,musuh
سَوَارَيهْنَا,sawarehna
دࣤئِيْ,děi
دِبُوْمِيْ,dibumi
فِيْتࣤمْفَاتَنْ,pitěmpatan
مَاتُهْ,matuh
فَفَارِينْ,paparin
كَاسࣤنَڠَانْ,kasěnaṅan
نࣤفِيْ,něpi
وَاتࣤسْ,watěs
وَقْتُوْنَا,waqtuna
تُوْرُنْكࣤنْ,turunkěn
ڠࣤمْبَنْ,ṅěmban
تُوْؼࣤسْ,tugěs
خِلَافَةْ,ḵilapah
وَهَبْ,wahab
مُنَبِّهْ,munabbih
مَفَارِينْ,maparin
وَحْيُ,waẖyu
ۑِمْفُوْلْكࣤنْ,ñimpulkěn
عَالَمْ,'alam
سَكُمْنَا,sakumna
أَوْفَتْ,opat
كَلِمَةْ,kalimat
فَفَدَا,papada
ۑَاأَيْتَ,ñaeta
عِبَادَهْ,'ibadah
مُشْرِكْ,muśrik
رࣤيكْ,rěyk
ڠَاوَلࣤسْ,ṅawalěs
كَلَوَنْ,kalawan
ؼَنْجَرَانْ,ganjaran
دِفِكَاهَيَڠْ,dipikahayaṅ
ڠَدُعَا,ṅadu'a
ڠَإِيْجَابَةْ,ṅaijabah
مِكَاچِنْتَ,mikacinta
سَسَامَ,sasama
أَوَكْ,awak
سَوْرَڠَنْ,soraṅan
سَفَرَنْتَوْسْنَا,saparantosna
كࣤيْڠࣤيْڠْ,kěiṅěiṅ
بࣤبࣤنْدَوْنْ,běběndon
لَعْنَةْ,la'nat
لَجࣤڠْ,lajěṅ
أُنْجُوْكَنْ,unjukan
فَأَنْظِرْنِيْ,paanẕirni
يَوْمٍ,yomin
يُبْعَثُوْنَ,yub'aṫuna
مُوْؼِيْ,mugi
مَفَارِيْنْ,maparin
تَيْمْفُوْ,tempu
عَبْدِيْدُوْؼِيْ,'abdidugi
دِينْتࣤنْ,dintěn
قِيَامَةْ,qiamat
فَإِنَّكَ,painnaka
الْمُنْظَرِيْنَ,al-munẕarina
فِيْدَاوُهْ,pidawuh
هَدࣤى,hadě
تَيْمْفَوَانْ,tempawan
يَوْمِ,yomi
الْوَقْتِ,al-waqti
الْمَعْلُوْمِ,al-ma'lumi
مَڠْسَا,maṅsa
فِنَسْتِيْ,pinasti
بِمَا,bima
أَغْوَيْتَنِيْ,aġwetani
لَأُزَيِّنَنَّ,lauzayyinanna
وَلَأُغْوِيَنَّهُمْ,walauġwiyannahum
أَجْمَعِيْنَ,ajma'ina
كُوْمَرْؼِيْ,kumargi
مُوْتُسْكࣤنْ,mutuskěn
عَبْدِيْسَاسَرْ,'abdisasar
تَنْوَنْدَي,tanwande
عَبْدِيْبَارِسْ,'abdibaris
أَنَكْ,anak
إِنْچُوْ,incu
مَنْدَڠْ,mandaṅ
دِدُنْيَا,didunya
سَدَيَنَا,sadayana
عَبْدِيْبَكَلْ,'abdibakal
سَاسَرْكࣤنْ,sasarkěn
عِبَادَكَ,'ibadaka
مِنْهُمُ,minhumu
الْمُخْلَصِيْنَ,al-muḵlaṣina
ڠَادَوُهْ,ṅadawuh
عِبَادِيْ,'ibadi
لَيْسَ,lesa
عَلَيْهِمْ,'alaihim
سُلْطَانٌ,sulṯanun
مَنِ,mani
اتَّبَعَكَ,attaba'aka
الْغَاوِيْنَ,al-ġawina
مُڠْؼُوْهِيڠْ,muṅguhiṅ
عَبْدِيْكَامِيْ,'abdikami
بَوْؼَا,boga
كَاكُوَاسَأَنْ,kakuasaan
ڠࣤلِنْدِهْ,ṅělindih
نُوْرُوْتْ,nurut
كَامَانَيْهْ,kamaneh
أَنْتَرَ,antara
سَلَاسَرْ,salasar
قَابِيْلْ,qabil
هَابِيلْ,habil
وَاتْلُ,watlu
نَبَأَابْنَيْ,nabaaabne
بِالْحَقِّ,bial-ẖaqqi
قَرَّبَا,qarraba
قُرْبَانًا,qurbanan
بَچَاكࣤنْ,bacakěn
قِصَهْ,qiṣah
نُوْرُتْكࣤنْ,nurutkěn
سَابࣤنࣤرْنَا,saběněrna
ۑُمْفَوْنَنْ,ñumponan
قُرْبَانْ,qurban
كَاچَرِيُوسْكࣤنْ,kacariuskěn
نَمْفِيْ,nampi
فَرِينْتَهْ,parintah
نِكَحْكࣤنْ,nikaẖkěn
قَابِيلْ,qabil
لَيُوْدَا,layuda
إِقْلِيْمَا,iqlima
سُوْكَئࣤنْ,sukaěn
فَلَيْنَا,palaina
نِكَاحْ,nikaẖ
بَائࣤيْ,baěi
سَؤُرْ,saur
لَمُوْنْ,lamun
مَنَيهْ,maneh
تَمْفَا,tampa
قُرْبَانَا,qurbana
حَقْ,ẖaq
تِكَاحْكࣤنْ,tikaẖkěn
تَرِيْمَا,tarima
قُرْبَنْنَا,qurbanna
ڠُوْنࣤكْ,ṅuněk
ڠَنْچَمْ,ṅancam
فَوْكْنَا,pokna
لَأَقْتُلَنَّكَ,laaqtulannaka
أَوَسْ,awas
فَائِيْهَنْ,paihan
سِيْلَئِيڠْ,silaiṅ
دَيْوَيْكْ,dewek
جَوَابْنَا,jawabna
إِنَّمَا,innama
يَتَقَبَّلَ,yataqabbala
مِنَالْمُتَّقِيْنَ,minalmuttaqina
مُڠْ,muṅ
تَقْوَى,taqwa
وُڠْكُلْ,wuṅkul
بَسَطْتَ,basaṯta
إِلَيَّ,ilayya
يَدَكَ,yadaka
لِتَقْتُلَنِيْ,litaqtulani
أَنَا,ana
بِبَاسِطٍ,bibasiṯin
يَّدَيَّ,yyadayya
إِلَيْكَ,ilaika
لِأَقْتُلَكَ,liaqtulaka
أَخَافُ,aḵapu
اللهَ,allāha
رَبَّ,rabba
أُفَمَا,upama
أَنْجࣤنْ,anjěn
ۑَوْلَوْ,ñolo
ؼࣤرَوْڠْكࣤنْ,gěroṅkěn
لࣤڠࣤنْ,lěṅěn
مَائَيْهَنْ,maehan
كُوْرِيْڠْ,kuriṅ
مَوْءَلْ,moal
سِئࣤنْ,siěn
مُرْبَڠْ,murbaṅ
أُرِيْدُ,uridu
تَبُوْءَ,tabua
بِإِثْمِيْ,biiṫmi
وَإِثْمِكَ,waiṫmika
فَتَكُوْنَ,patakuna
أَصْحَابِ,aṣẖabi
النَّارِ,an-nari
وَذَلِكَ,waḋalika
جَزَاءُ,jazau
سَڠْكَنْ,saṅkan
ۑَڠْكَا,ñaṅka
سَوْرَاڠَنْ,soraṅan
كُوْكِيْتُوْنَا,kukituna
أَهْلِ,ahli
وَاوَلࣤسْ,wawalěs
دَرَوْلِيْمْ,darolim
فَطَوَّعَتْ,paṯawwa'at
نَفْسُهُ,napsuhu
قَتْلَ,qatla
أَخِيْهِ,aḵihi
فَقَتَلَهُ,paqatalahu
فَأَصْبَحَ,paaṣbaẖa
نَفْسُنَا,napsuna
ڠَاؼُوْؼُدَڮْ,ṅagugudag
هَايَڠْ,hayaṅ
دُوْلُرْنَا,dulurna
فࣤرَكْ,pěrak
فَائَيْهَنْ,paehan
فَبَعَثَ,paba'aṫa
غُرَابًا,ġuraban
يَبْحَثُ,yabẖaṫu
لِيُرِيَهُ,liyuriyahu
كَيْفَ,kepa
يُوَارِيْ,yuari
سَوْأَةَ,sauata
ڠُوْتُسْ,ṅutus
ؼَاؼَكْ,gagak
ڠَوَرَيْهَنْ,ṅawarehan
تَانࣤهْ,taněh
ۑَوْنْتَوْاَنْ,ñontoan
كُوْمَهَا,kumaha
كُوْدُنَا,kuduna
ڠُوْبُرْ,ṅubur
مَيِّتْ,mayyit
وَيْلَتِيْ,welati
أَعْجَزْتُ,a'jaztu
أَكُوْنَ,akuna
مِثْلَ,miṫla
هَذَا,haḋa
الْغُرَبِ,al-ġurabi
فَأُوَارِيْ,pauari
سَوْءَةَ,sau`ata
أَخِيْ,aḵi
النَّادِمِيْنَ,an-nadimina
ۑَرِيْتَ,ñarita
أࣤلࣤهْ,ělěh
چِيْلَكَا,cilaka
فࣤرَاكْوْ,pěrakw
بِيْسَ,bisa
نُوْرُتَنْ,nurutan
دُوْلُرْ,dulur
كࣤدُوْهُڠْ,kěduhuṅ
تُوْرُنَنْ,turunan
كَاچَرِيَوسْكࣤنْ,kacarioskěn
فُوْفُسْ,pupus
يُوسْوَانَا,yuswana
رَاتُسْ,ratus
ؼࣤنࣤفْ,gěněp
فُوْلُهْ,puluh
تَهُونْ,taun
أَنْتَاوِيسْ,antawis
فُتࣤرَانَا,putěrana
فَڠْ,paṅ
صَالِيحْنَا,ṣaliẖna
ۑَأَيْتَ,ñaeta
شِيْثْ,śiṫ
كَأَنْجࣤنْنَا,kaanjěnna
نُوْرُنْكࣤنْ,nurunkěn
عِلْمُنَا,'ilmuna
فِيْوࣤجࣤڠْ,piwějěṅ
شِيثْ,śiṫ
ؼَاؼَنْتِيْ,gaganti
رَامَنَا,ramana
كَاؼُوْڠَنْ,kaguṅan
أَنُوشْ,anuś
أَنُوْشْ,anuś
فُوْفُتࣤرَا,puputěra
قِيْنَانْ,qinan
مَهْلَائِيْلْ,mahlail
أُخْنُوْخْ,uḵnuḵ
إِدْرِيسْ,idris
إِدْرِيْسْ,idris
وَاذْكُرْ,waḋkur
الْكِتَابِ,al-kitabi
إِدْرِيْسَ,idrisa
إِنَّهُ,innahu
صِدِّيْقًا,ṣiddiqan
نَبِيًّا,nabiyyan
چَرِيْتَاكࣤنْ,caritakěn
كَؤُڠࣤلْ,kauṅěl
سَئࣤۑَانَ,saěñana
تُرْتَ,turta
مُڠْؼَارَنْ,muṅgaran
مِيْمِتِيْ,mimiti
نُوْلِسْ,nulis
قَلَمْ,qalam
ڠَافُوتْ,ṅaput
بَاجُوْ,baju
هࣤلَانَا,hělana
كَؼُوْڠَنْ,kaguṅan
فَڠَاوࣤرُهْ,paṅawěruh
بَينْتَڠْ,bentaṅ
أُتُسْ,utus
دِيْ,di
بَابِيْلْ,babil
هَارُوْتْ,harut
مَارُوْتْ,marut
وَاتَّبَعُوْا,wattaba'u
تَتْلُوا,tatlu
الشَّيَاطِيْنُ,aś-śayaṯinu
مُلْكِ,mulki
سُلَيْمَانَ,sulaimana
قَوْمْ,qom
يَهُوْدِيْ,yaudi
ڠَاؼُوْؼُوْ,ṅagugu
سَانِسْكَرَا,saniskara
جَايَنَا,jayana
كࣤرَاجَأَنْ,kěrajaan
سُلَيْمَانْ,sulaiman
كَفَرَ,kapara
سُلَيْمَانُ,sulaimanu
وَلَكِنَّ,walakinna
الشَّيَاطِيْنَ,aś-śayaṯina
كَفَرُوْا,kaparu
فَدَاحَالْ,padaẖal
يُعَلِّمُوْنَ,yu'allimuna
النَّاسَ,an-nasa
السِّحْرَ,as-siẖra
أُنْزِلَ,unzila
الْمَلَكَيْنِ,al-malakeni
بِبَابِلَ,bibabila
هَارُوْتَ,haruta
وَمَارُوْتَ,wamaruta
ڠَاجَرْكࣤنْ,ṅajarkěn
سِحِرْ,siẖir
رَيْيَا,rea
مَلَكْ,malak
مَارُوتْ,marut
نَؼَرِيْ,nagari
بَابِلْ,babil
يُعَلِّمَانِ,yu'allimani
أَحَدٍ,aẖadin
حَتِيْ,ẖati
يَقُوْلَا,yaqula
فِتْنَةٌ,pitnatun
تَكْفُرْ,takpur
ؼَيْ,ge
ڠَاوُلَڠْكࣤنْ,ṅawulaṅkěn
نَؤُنْ,naun
أَوْؼَيْ,oge
چَرِيْتَأَنْ,caritaan
هࣤلَا,hěla
كِيࣤ,kiyě
أُوْكُرْ,ukur
أَنْدِيْكَ,andika
أَنْدِيْكَا,andika
فَيَتَعَلَّمُوْنَ,payata'allamuna
مِنْهُمَا,minhuma
يُفَرِّقُوْنَ,yuparriquna
الْمَرْءِ,al-mari
وَزَوْجِهِ,wazojihi
أَلَاجَرْ,alajar
تَيْيَا,tea
مِيْسَهْكࣤنْ,misahkěn
لَاكِيْ,laki
رَابِيْ,rabi
هُمْ,hum
بِضَآرِّيْنَ,biḏaārrina
بِإِذْنِ,biiḋni
بِيْسَا,bisa
ڠَامَضَرَتْكࣤنْ,ṅamaḏaratkěn
كَاسِڠْسَهَا,kasiṅsaha
كَلَوَانْ,kalawan
وࣤدِيْ,wědi
وَيَتَعَلَّمُوْنَ,wayata'allamuna
يَضُرُّهُمْ,yaḏurruhum
يَنْفَعُهُمْ,yanpa'uhum
لَائِنْ,lain
مَنْفَعَةْ,manpa'at
مَضَرَةْ,maḏarat
وَلَقَدْ,walaqad
عَلِمُوْا,'alimu
لَمَنِ,lamani
اشْتَرَاهُ,aśtarahu
الْأࣤخِرَةِ,al-ěḵirati
خَلاَقٍ,ḵalaqin
ۑَرَاهَوْئَنْ,ñaraoan
ڠَاؼُوْنَاكࣤنْ,ṅagunakěn
بَاؼِيَانْ,bagian
نَنُونْ,nanun
أَخِرَةْ,aḵirat
وَلَبِئْسَ,walabi`sa
شَرَوْا,śarau
أَنْفُسَهُمْ,anpusahum
لَوْ,lo
كَانُوْا,kanu
يَعْلَمُوْنَ,ya'lamuna
كَچِيْدَا,kacida
ؼُوْرِيڠْنَا,guriṅna
ڠَجُوَالْ,ṅajual
دِيْرِيْنَا,dirina
ۑَهَوْئَنْ,ñaoan
نُوْحْ,nuẖu
نَبَأَ,nabaa
نُوْحٍ,nuẖin
بَاچَاكࣤنْ,bacakěn
چَرِيْتَا,carita
لَكْ,lak
مَتُوْشْلَخْ,matuślaḵ
أُخْنُوخْ,uḵnuḵ
قَوْمِ,qomi
نَذِيْرٌ,naḋirun
سَأَيْسْتُوْنَا,saestuna
ڠَوَاوَدِيَنْ,ṅawawadiyan
أَنِ,ani
اعْبُدُوا,a'budu
وَاتَّقُوْهُ,wattaquhu
وَأَطِيْعُوْنَ,waaṯi'una
عَرِبَدَهْ,'aribadah
مَسِڠْ,masiṅ
يَغْفِرْ,yaġpir
ذُنُوْبِكُمْ,ḋunubikum
وَيُؤَخِّرْكُمْ,wayuaḵḵirkum
أَجَلٍ,ajalin
مُّسَمًّى,mmusamman
ڠَاهَمْفُوْرَا,ṅahampura
أَرَنْدِيْكَا,arandika
تَيمْفُوْ,tempu
تِيْتِسْ,titis
تُوْلِسْنَا,tulisna
أَجَلَ,ajala
إِذَا,iḋa
جَاءَ,jaa
يُؤَخَّرُ,yuaḵḵaru
سَئَيسْتَونَا,saestona
تُوْلِسْ,tulis
تِي,ti
تُوْمِيْبَا,tumiba
فُنْدُورْكࣤنْ,pundurkěn
ۑَرَاهَوْ,ñaraho
الْمَلَأُ,al-malau
قَوْمِهِ,qomihi
بَشَرًا,baśaran
مِّثْلَنَا,mmiṫlana
أَرَاذِلُنَا,araḋiluna
بَادِيَ,badiya
الرَّأْيِ,ar-ra`yi
نَرَى,nara
عَلَيْنَا,'alaina
فَضْلٍ,paḏlin
بَلْ,bal
نَظُنُّكُمْ,naẕunnukum
كَاذِبِيْنَ,kaḋibina
ؼࣤؼࣤدَيْنْ,gěgěden
قَومْنَا,qomna
كَالُفُرْ,kalupur
بِيَاسَ,biasa
سَرَيْرَيَا,sareraya
ؼࣤنِيْڠْ,gěniṅ
نُوْرُتْ,nurut
جَيْمْبِيْلْ,jembil
مَلِيْكِيْرْ,malikir
فُنْجُلْنَا,punjulna
سِيْؼَانَا,sigana
بَوْهَوْڠْ,bohoṅ
أَرَءَيْتُمْ,araetum
كُنْتُ,kuntu
بَيِّنَةٍ,bayyinatin
مِّنْ,mmin
رَبِّيْ,rabbi
وَآتَانِيْ,waātani
رَحْمَةً,raẖmatan
عِنْدِهِ,'indihi
فَعُمِّيَتْ,pa'ummiyat
عَلَيْكُمْ,'alaikum
أَنُلْزِمُكُمُوْهَا,anulzimukumuha
وَأَنْتُمْ,waantum
لَهَا,laha
كَارِهُوْنَ,karihuna
نوح,nuẖ
فِكِيْرَانْ,pikiran
بُكْتِيْ,bukti
فَافَرِيْنْ,paparin
أࣤنْچَنْ,ěncan
فُوْؼُهْ,puguh
مَكْسَا,maksa
أَرِيْمَنْ,ariman
سَأَنْجࣤنْ,saanjěn
وَيَا,waya
أَسْأَلُكُمْ,asalukum
مَالًا,malan
أَجْرِيَ,ajriya
بِطَارِدِ,biṯaridi
آمَنُوْا,āmanu
إِنَّهُمْ,innahum
مُلَاقُوْا,mulaqu
رَبِّهِمْ,rabbihim
وَلَكِنِّيْ,walakinni
أَرَاكُمْ,arakum
قَوْمًا,qoman
تَجْهَلُوْنَ,tajhaluna
دࣤئِيهْ,děih
مَيْنْتَ,menta
أُوْفَهْ,upah
كَأَرَنْدِيْكَ,kaarandika
ؼَنْجَرَنْ,ganjaran
ڠُوْسِرْ,ṅusir
فَفَڠْؼِهْ,papaṅgih
فَڠَيْرَانْنَا,paṅeranna
سَابَلِكْنَا,sabalikna
ۑَأَرَنْدِيْكَا,ñaarandika
ڠَلَرْتِيْ,ṅalarti
يَنْصُرُنِيْ,yanṣuruni
طَرَدْتُهُمْ,ṯaradtuhum
أَفَلَا,apala
تَذَكَّرُوْنَ,taḋakkaruna
ڠَابَيْلَا,ṅabela
أُسِرْ,usir
أَرِيْلِڠْ,ariliṅ
أَقُوْلُ,aqulu
عِنْدِيْ,'indi
خَزَائِنُ,ḵazainu
الْغَيْبَ,al-ġeba
مَلَكٌ,malakun
لِلَّذِيْنَ,lillaḋina
تَزْدَرِيْ,tazdari
أَعْيُنُكُمْ,a'yunukum
يُؤْتِيَهُمُ,yu`tiyahumu
اَللهُ,allāhu
أَنْفُسِهِمْ,anpusihim
إِذًا,iḋan
ؼُوْدَڠْ,gudaṅ
كَاكَيَأَنْ,kakayaan
ۑَهَوْ,ñao
غَائِبْ,ġaib
ڠَاكُوْ,ṅaku
فَوْنْ,pon
كِيْتُ,kitu
فَنْدَڠْ,pandaṅ
هِيْنَا,hina
هَدَيْيَانْ,hadean
لَڠْكُڠْ,laṅkuṅ
أُوْنِڠَا,uniṅa
سَانِسْكَارَا,saniskara
أࣤسِيْنِڠْ,ěsiniṅ
أَتِيْ,ati
سِيْكَفْ,sikap
تَڠْتُوْ,taṅtu
ؼَوْلَوْڠَانْ,goloṅan
دَارَلِيْمْ,daralim
نُوْحُ,nuẖu
جَادَلْتَنَا,jadaltana
فَأَكْثَرْتَ,paakṫarta
جِدَالَنَا,jidalana
فَأْتِنَا,pa`tina
تَعِدُنَا,ta'iduna
كُنْتَ,kunta
الصَّادِقِيْنَ,aṣ-ṣadiqina
قَوْمْنَا,qomna
چُوْكُفْ,cukup
بَنْتَاهَنْ,bantahan
فَنْجࣤڠْ,panjěṅ
تࣤئِڠْ,těiṅ
أَيࣤنَا,ayěna
فَيْكْ,pek
دَاتَڠْكࣤنْ,dataṅkěn
عَذَابْ,'aḋab
أَنْچَمْكࣤنْ,ancamkěn
سَرَيْرَيْيَا,sarerea
أَۑَا,aña
يَأْتِيْكُمْ,ya`tikum
شَاءَ,śa`a
أَنْتُمْ,antum
بِمُعْجِزِيْنَ,bimu'jizina
نِبَنْكࣤنْ,nibankěn
سِكْسَأَنْ,siksaan
لُوْفُتْ,luput
يَنْفَعُكُمْ,yanpa'ukum
نُصْحِي,nuṣẖi
أَرَدْتُ,aradtu
أَنْصَحَ,anṣaẖa
اللَّهُ,allahu
يُرِيدُ,yuridu
يُغْوِيَكُمْ,yuġwiyakum
رَبُّكُمْ,rabbukum
وَإِلَيْهِ,wailaihi
تُرْجَعُونَ,turja'una
تَيَا,taya
ؼُوْنَنَا,gunana
نَصِيْحَتَنْ,naṣiẖatan
رَيكْ,rek
ۑَاسَرْكࣤنْ,ñasarkěn
لَجࣤڠْنَا,lajěṅna
مُنَاجَةْ,munajanat
دَعَوْتُ,da'autu
قَوْمِيْ,qomi
لَيْلًا,lelan
وَنَهَارًا,wanaharan
ؼُوسْتِيْ,gusti
وࣤڠِيْ,wěṅi
تࣤفࣤتَوتْ,těpětot
عَبْدِيْڠُوَارْ,'abdiṅuar
ڠَجَكْ,ṅajak
عَبْدِيْ,'abdi
فَلَمْ,palam
يَزِدْهُمْ,yazidhum
دُعَآئِيْ,du'āi
فِرَارًا,piraran
نَڠِيْڠْ,naṅiṅ
كَالَهْكَهْ,kalahkah
بࣤكِيْ,běki
ڠَاجَرَؤُهَنْ,ṅajarauhan
وَإِنِّيْ,wainni
كُلَّمَا,kullama
دَعَوْتُهُمْ,da'autuhum
لِتَغْفِرَ,litaġpira
جَعَلُوْا,ja'alu
أَصَابِعَهُمْ,aṣabi'ahum
آذَانِهِمْ,āḋanihim
وَاسْتَغْثَوْا,wastaġṫo
ثِيَابَهُمْ,ṫiabahum
وَأَصَرُّوْا,waaṣarru
وَاسْتَكْبَرُوا,wastakbaru
اسْتِكْبَارًا,astikbaran
سَبَنْ,saban
سُفَدَوسْ,supados
كَيْڠَيڠْ,keṅeṅ
فَڠَافُنْتࣤنْ,paṅapuntěn
كَالَهْكَا,kalahka
ۑَرَوْچَوْكࣤنْ,ñarocokěn
چَلِيْنَا,calina
كُوْرَامَوْ,kuramo
نُوْتُوْفَنْ,nutupan
بࣤڠࣤتْ,běṅět
بَاجُنَا,bajuna
كَجَوْڠْجَوْنَنْ,kajoṅjonan
كَابِنَابِنَا,kabinabina
إِنِّي,inni
جِهَارًا,jiharan
أَعْلَنْتُ,a'lantu
وَأَسْرَرْتُ,waasrartu
إِسْرَارًا,israran
سَيࣤكْتُوسْنَا,sayěktusna
سَيْئَيْفْ,seep
طَرِيْقَهْ,ṯariqah
فَوْلَهْ,polah
عَبْدِيْدِيْنَا,'abdidina
ڠُوَارْ,ṅuar
كَلَيَنْ,kalayan
تࣤرَاڠْڠَنْ,těraṅṅan
بَوْهْ,boh
رࣤرࣤنْچࣤفَنْ,rěrěncěpan
فَقُلْتُ,paqultu
اسْتَغْفِرُوا,astaġpiru
رَبَّكُمْ,rabbakum
غَفَّارًاكُوْ,ġapparanku
عَبْدِيْفَرَنْتَوْسْ,'abdiparantos
نَصِيحَتَنْ,naṣiẖatan
مَارَينْتَا,marenta
فَڠَمْفُوْرَا,paṅampura
جࣤمْبَرْ,jěmbar
فَڠَمْفُوْرَنَا,paṅampurana
يُرْسِلِ,yursili
السَّمَآءَ,as-samāa
مِدْرَارًا,midraran
هُوْجَنْ,hujan
مَايَڠْ,mayaṅ
وَيُمْدِدْكُمْ,wayumdidkum
بِأَمْوَالٍ,biamwalin
وَّبَنِيْنَ,wwabanina
وَيَجْعَلْ,wayaj'al
جَنَّاتٍ,jannatin
أَنْهَارًا,anharan
فِيْتُوْلُڠْ,pituluṅ
دُنْۑَا,dunña
بَرَانَا,barana
كَاتُتْ,katut
سَاوَهْ,sawah
كࣤبَوْنْ,kěbon
چَائِيْنَا,caina
چُرْچُورْ,curcur
تَرْجُوْنَ,tarjuna
وَقَارًا,waqaran
مَرَا,mara
وَقَدْ,waqad
أَطْوَارًا,aṯwaran
بَبَرَاهَا,babaraha
تَاهَفْ,tahap
تَرَوْا,taro
خَلَقَ,ḵalaqa
سَبْعَ,sab'a
سَمٰوَاتٍ,samāwatin
طِبَاقًا,ṯibaqan
مِيْكِيْرَانْ,mikiran
لَڠِتْ,laṅit
وَجَعَلَ,waja'ala
الْقَمَرَ,al-qamara
فِيْهِنَّ,pihinna
نُوْرًا,nuran
الشَّمْسَ,aś-śamsa
سِرَاجًا,sirajan
بُوْلَنْ,bulan
چَهَيَانَا,cahayana
سࣤرَاڠَيْڠَيْ,sěraṅeṅe
لَمْفُوْنَا,lampuna
وَاللهُ,wallāhu
أَنْبَتَكُمْ,anbatakum
نَبَاتًا,nabatan
نُوْوُهْكࣤنْ,nuwuhkěn
تُوْتُوُهَنْ,tutuwuhan
يُعِيْدُكُمْ,yu'idukum
وَيُخْرِجُكُمْ,wayuḵrijukum
إِخْرَاجًا,iḵrajan
كَلُوَارْكࣤنْ,kaluarkěn
جَعَلَ,ja'ala
لَكُمُ,lakumu
اْلأَرْضَ,al-arḏa
بِسَاطًا,bisaṯan
لِتَسْلُكُوْا,litasluku
سُبُلًا,subulan
فِجَاجًا,pijajan
أَمْفَرَانْ,amparan
لَلُوَاسْ,laluas
لُوْمَمْفَهْ,lumampah
دِيْۑَا,diña
نُوْحٌ,nuẖun
رَّبِّ,rrabbi
عَصَوْنِيْ,'aṣauni
يَزِدْهُ,yazidhu
مَالُهُ,maluhu
وَوَلَدُهُ,wawaladuhu
خَسَارًا,ḵasaran
وَڠْكࣤلَڠْ,waṅkělaṅ
نُوْرُتْنَا,nurutna
بَرَانَ,barana
كَاتُوتْ,katut
أَنَقْ,anaq
إِنْچُوْنَا,incuna
نَمْبَاهَنْ,nambahan
كَرُوْؼِيَانْ,karugian
وَمَكَرُوْا,wamakaru
مَكَرًا,makaran
كُبَّارًا,kubbaran
ڠَايَاكࣤنْ,ṅayakěn
دَيَا,daya
كَلِنْتَڠْ,kalintaṅ
أَؼࣤڠْنَا,agěṅna
وَقَالُوْا,waqalu
تَذَرُنَّ,taḋarunna
وَدًّا,waddan
وَّلَا,wwala
سُوَاعًا,sua'an
يَغُوْثَ,yaġuṫa
وَيَعُوْقَ,waya'uqa
وَنَسْرًا,wanasran
نِڠْؼَلْكࣤنْ,niṅgalkěn
دِيْوَتَ,diwata
سَڠْهِيَڠْ,saṅhiyaṅ
وَدَا,wada
سُوَا,sua
يَغُوْثْ,yaġuṫ
يَعُوقْ,ya'uq
نَثْرَا,naṫra
أَضَلُّوْا,aḏallu
كَثِيْرًا,kaṫiran
تَزِدِ,tazidi
ضَلَالًا,ḏalalan
تَوسْ,tos
فِسَنْ,pisan
ۑَسَرْكࣤنْ,ñasarkěn
بَاتُرْ,batur
كِيْتُوْنَا,kituna
نَمْبِيْهَنْ,nambihan
نَوْنْ,non
جَلْمِيْ,jalmi
سَجَابِيْ,sajabi
كَاسَسَرَنْ,kasasaran
مِمَّا,mimma
خَطِيْئَآتِهِمْ,ḵaṯiātihim
أُغْرِقُوْا,uġriqu
فَأُدْخِلُوْا,paudḵilu
نَارًا,naran
دَوْسَنَا,dosana
كَرࣤمْكࣤنْ,karěmkěn
أَسُفْكࣤنْ,asupkěn
نَرَكَا,naraka
يَجِدُوْا,yajidu
دُوْنِ,duni
أَنْصَارًا,anṣaran
نُوْلُوْڠَنْ,nuluṅan
سَلَيْنْ,salen
تَذَرْ,taḋar
الْكَافِرِيْنَ,al-kapirina
دَيَّارًا,dayyaran
سَيْسَاكࣤنْ,sesakěn
سَؤُرَڠْ,sauraṅ
أَنْتَاوِسْ,antawis
كَلُفُرْ,kalupur
بُوْمِي,bumi
تَذَرْهُمْ,taḋarhum
يُضِلُّوْا,yuḏillu
يَلِدُوْا,yalidu
فَاجِرًا,pajiran
كَفَّارًا,kapparan
مَرْؼِيْ,margi
تَنْوَانْدَيْ,tanwande
تَڠْتَوسْ,taṅtos
دَرَوْسَ,darosa
اغْفِرْ,aġpir
لِيْ,li
وَلِوَالِدَيَّ,waliwalidayya
وَلِمَنْ,waliman
دَخَلَ,daḵala
بَيْتِيَ,betiya
مُؤْمِنًا,mu`minan
وَلِلْمُؤْمِنِيْنَ,walilmu`minina
وَالْمُؤْمِنَاتِ,wal-mu`minati
تَبَارًا,tabarana
هَافُنْتࣤنْ,hapuntěn
كَافُوْنْ,kapun
بِيَڠْ,biyaṅ
مِيْوَهْ,miwah
لَالࣤبࣤتْ,lalěbět
تُوْرْ,tur
إِيْمَانْ,iman
مُؤْمِنِيْنْ,mu`minin
مُؤْمِنَاتْ,mu`minat
نَمْبِيْهَانْ,nambihan
دَرَوْلِيمْ,darolim
كَابِنَاسَأَنْ,kabinasaan
وَأَوْحَى,waoẖe
أَنَّهُ,annahu
يُّؤْمِنَ,yyu`mina
قَوْمِكَ,qomika
اٰمَنَ,āmana
تَبْتَئِسْ,tabtais
يَفْعَلُوْنَ,yap'alun
تَدِۑَا,tadiña
وَحْيُوْكࣤنْ,waẖyukěn
أَرِيْمَانْ,ariman
فَوْمَ,poma
نَلَڠْسَا,nalaṅsa
أَلَتَنْ,alatan
سَنِسْكَرَا,saniskara
لَمْفَهْكࣤنْ,lampahkěn
وَاصْنَعِ,waṣna'i
الْفُلْكَ,al-pulka
بِأَعْيُنِنَا,bia'yunina
وَوَحْيِنَا,wawaẖyina
تُخَاطِبْنِيْ,tuḵaṯibni
ظَلَمُوْا,ẕalamu
مُّغْرَقُوْنَ,mmuġraquna
ۑِئࣤنْ,ñiěn
بَاوَهْ,bawah
فَنَلِيْڠَأَنْ,panaliṅaan
مِتُوْرُتْ,miturut
فِتُوْدُهْ,pituduh
ۑَرِيْتَاكࣤنْ,ñaritakěn
فࣤرْكَارَ,pěrkara
دَرَلِمْ,daralim
فَسْتِيْ,pasti
تࣤلࣤمْكࣤنْ,tělěmkěn
وَيَصْنَعُ,wayaṣna'u
وَكُلَّمَا,wakullama
مَرَّ,marra
مَلَأٌ,malaun
سَخِرُوْا,saḵiru
مِنْهُ,minhu
تَسْخَرُوْا,tasḵaru
مِنَّا,minna
فَإِنَّا,painna
نَسْخَرُوْا,nasaḵaru
مِنْكُمْ,minkum
تَسْخَرُوْنَ,tasḵaruna
ڠَلِيْوَتْ,ṅaliwat
ؼࣤؼࣤدَينْ,gěgěden
ڠَاؼࣤهْؼࣤيْكࣤنْ,ṅagěhgěikěn
چَرَا,cara
فَسَوْفَ,pasaupa
يَأْتَيْهْ,ya`teh
عَذَابٌ,'aḋabun
يُخْزِيْهِ,yuḵzihi
وَيَحِلُّ,wayaẖillu
مُّقِيْمٌ,mmuqimun
أࣤڠْكَيْ,ěṅke
تِبَانَنْ,tibanan
ۑَنْدَڠْ,ñandaṅ
لَڠْؼࣤڠْ,laṅgěṅ
جَآءَ,jāa
أَمْرُنَا,amruna
وَفَارَ,wapara
التَّنُّوْرِ,at-tannuri
احْمِلْ,aẖmil
زَوْجَيْنِ,zaujaini
اثْنَيْنِ,aṫneni
وَأَهْلَكَ,waahlaka
سَبَقَ,sabaqa
الْقَوْلُ,al-qolu
وَمَآ,wamaā
مَعَهُ,ma'ahu
قَلِيْلٌ,qalilun
دَاتَڠْ,dataṅ
چَائِيْ,cai
ڠَابُرِيَلْ,ṅaburiyal
تَنُوْرْنَا,tanurna
أَسُوفْكࣤنْ,asupkěn
سَؼَلَ,sagala
رُوْفَ,rupa
سَاجَوْدَوْ,sajodo
كُوْلَوَرْؼَا,kulawarga
دِهِينْ,dihin
سَبَرَهَا,sabaraha
جُمْلَهْنَا,jumlahna
ارْكَبُوْا,arkabu
مَجْرَاهَا,majraha
وَمُرْسَاهَا,wamursaha
لَغَفُوْرٌ,laġapurun
رَحِيْمٌ,raẖimun
تَرُمْفَكْ,tarumpak
كَلَيَانْ,kalayan
أَسْمَانَ,asmana
وَقْتُ,waqtu
بَلَايَرْ,balayar
بَلَابُهَانْ,balabuhan
سَئَيسْتُوْنَا,saestuna
أَسِيهْ,asih
وَهِيَ,wahiya
تَجْرِيْ,tajri
بِهِمْ,bihim
مَوْجٍ,mojin
كَالْجِبَالِ,kaljibali
مَاجُوْ,maju
أَڠْكࣤلࣤڠْ,aṅkělěṅ
ۑُوْرَڠْ,ñuraṅ
أَومْبَكْ,ombak
سَاؼࣤدَيْ,sagěde
ؼُوْنُڠْ,gunuṅ
وَنَادَى,wanada
ابْنَهُ,abnahu
مَعْزِلٍ,ma'zilin
ارْكَبْ,arkab
مَعَنَا,ma'ana
تَكُنْ,takun
الْكَفِرِيْنَ,al-kapirina
ۑَلُوْكَنْ,ñalukan
أَنَكْنَا,anakna
هِيَافْ,hiap
أَنَاكِيڠْ,anakiṅ
كَادِيࣤ,kadiyě
تُمْفَكْ,tumpak
أَمَا,ama
كَدَيْ,kade
مِيْلُوْ,milu
كَابَوَا,kabawa
سَآوِيْ,sāwi
جَبَلٍ,jabalin
يَعْصِمُنِيْ,ya'ṣimuni
الْمَاءِ,al-mai
مِلَارِيْ,milari
ۑَلِيْدُڠْ,ñaliduṅ
فَالِدْ,palid
چَأَهْ,caah
عَاصِمَ,'aṣima
الْيَوْمَ,al-yoma
أَمْرِ,amri
رَحِمَ,raẖima
هِيْدࣤفْ,hiděp
إِيْوَلْ,iwal
فِيْكَا,pika
وَحَالَ,waẖala
بَيْنَهُمَا,benahuma
الْمَوْجُ,al-moju
فَكَانَ,pakana
الْمُغْرَقِيْنَ,al-muġraqina
فَافِسَهْ,papisah
كَاهَلَاڠَنْ,kahalaṅan
تَهْ,tah
كَاتُوْتْ,katut
تِتࣤلࣤمْ,titělěm
سَافَرَنْتَوْسْنَا,saparantosna
سَدَايَنَا,sadayana
تࣤأَيَا,těaya
ۑَيْسَا,ñesa
أَرْضُ,arḏu
ابْلَعِيْ,abla'i
مَآءَكِ,maāaki
سَمَآءُ,samā`u
أَقْلِعِيْ,aqli'i
تࣤرࣤيْ,těrěi
أࣤرࣤنْكࣤنْ,ěrěnkěn
وَغِيْضَ,waġiḏa
الْمَآءُ,al-māu
وَقُضِيَ,waquḏiya
الْأَمْرُ,al-amru
وَاسْتَوَتْ,wastawat
الْجُوْدِيْ,al-judi
وَقِيْلَ,waqila
بُعْدًا,bu'dan
لِّلْقَوْمِ,llilqomi
ڠَوْرَوْتَنْ,ṅorotan
أَخِرْنَا,aḵirna
بَيْرَيْسْ,beres
وَيْ,we
أَتُوْهْ,atuh
بَلَابُهْ,balabuh
لُوْهُرْ,luhur
جُوْدِيْ,judi
هَرِيْتَ,harita
دَاوُهْكࣤنْ,dawuhkěn
جَاؤُهْكࣤنْ,jauhkěn
بِيْنَاسَ,binasa
رَّبَّهُ,rrabbahu
ابْنِيْ,abni
أَهْلِيْ,ahli
وَإِنَّ,wainna
وَعْدَكَ,wa'daka
الْحَقُّ,al-ẖaqqu
وَأَنْتَ,waanta
أَحْكَمُ,aẖkamu
الْحَاكِمِيْنَ,al-ẖakimina
سَڠْؼࣤسْ,saṅgěs
سَاسَمْبَتْ,sasambat
سَؤُرْنَا,saurna
سَلࣤرࣤسْنَا,salěrěsna
فَونْ,pon
كَلُوَرْؼَا,kaluwarga
هَافُونْتࣤنْ,hapuntěn
رُوْفِيْ,rupi
كَالࣤفَتَنْنَا,kalěpatanna
جࣤڠْجِيْ,jěṅji
سَارࣤڠْنَا,sarěṅna
حَاكِمْ,ẖakim
عَادِلْنَا,'adilna
أَهْلِكَ,ahlika
عَمَلٌ,'amalun
غَيْرُ,ġairu
تَسْأَلْنِ,tasalni
أَعِظُكَ,a'iẕuka
تَكُوْنَ,takuna
الْجَاهِلِيْنَ,al-jahilina
كُوْلَاوَرْؼَا,kulawarga
بَوْڠَنْنَا,boṅanna
مِيْؼَاوَيْ,migawe
كَلَاكُوَانْ,kalakuan
تࣤبࣤنࣤرْ,těběněr
تَاتَۑَا,tataña
كَاۑَاهَوْ,kanyao
مَيْرَيْ,mere
فَڠْوَاوَدِيْ,paṅwawadi
ۑَلِنْدُڠْ,ñalinduṅ
تُوْمَرَوْسْ,tumaros
فࣤرْكَاوِيسْ,pěrkawis
كَاتࣤرَاڠْ,katěraṅ
مِكَاسِهْ,mikasih
نَنْدَڠْ,nandaṅ
كَارُوْؼِيَنْ,karugiyan
قِيْلَ,qila
اهْبِطْ,ahbiṯ
بِسَلَامٍ,bisalamin
وَبَرَكَاتٍ,wabarakatin
وَعَلَى,wa'ala
أُمَمٍ,umamin
مِمَّنْ,mimman
مَعَكَ,ma'aka
جُتْ,jut
تُوْرُنْ,turun
سَلَامࣤةْ,salamět
رࣤسْتُوْ,rěstu
بَبَرࣤڠَنْ,babarěṅan
تِلْكَ,tilka
أَنْبَآءِ,anbāi
الْغَيْبِ,al-ġebi
نُوْحِيْهَا,nuẖiha
سَجَرَهْ,sajarah
تࣤلُوْبْ,tělub
ۑَاهَوْ,ñao
فَائِدَةْ,paidah
وَقْتَوسْ,waqtos
كَفِيْڠْ,kapiṅ
عَاشُوْرَا,'aśura
مِئَيْلِڠْ,mieliṅ
ڠَايَكࣤنْ,ṅayakěn
سَلَامࣤتَنْ,salamětan
بُوْبُرْ,bubur
شُوْرَا,śura
كَارࣤمْكࣤنْنَنَا,karěmkěnnana
كَافِرِيْنْ,kapirin
تࣤفِيْكَا,těpika
تࣤۑِيْسَا,těñisa
بࣤنَڠْ,běnaṅ
سࣤبُوتْ,sěbut
ڠَلَامَنْ,ṅalaman
لࣤتِكْ,lětik
تࣤلَهْ,tělah
أَبُو,abu
الْبَشَرْ,al-baśar
الثَّانِيْ,aṫ-ṫani
أَيْيَڠْنَا,eyaṅna
تࣤسَبَرَاهَا,těsabaraha
كِيْرَڠْ,kiraṅ
بَڠْكَاوَارَهْ,baṅkawarah
تࣤنُوْرُتْ,těnurut
كَوْلَوتْ,kolot
ڠَرَنْنَا,ṅaranna
كَنْعَانْ,kan'an
تِلُوَانْ,tiluan
سࣤئࣤرْ,sěěr
كَتُوْرُنْنَنَا,katurunnana
سَامْ,sam
ئَيْيَڠْنَا,eyaṅna
بَڠْسَ,baṅsa
فَرْسِيْ,parsi
حَامْ,ẖam
أُوْرَڠْ,uraṅ
سُوْدَانْ,sudan
أَفْرِيْقَا,apriqa
يَافِثْ,yapiṫ
تَتَرْ,tatar
مَوْڠَوْلْ,moṅol
تُرْكِيْ,turki
سَفَافَدَانَا,sapapadana
هُودْ,hud
السَّلاَمْ,as-salam
وَإِلَى,waila
عَادٍ,'adin
أَخَاهُمْ,aḵahum
هُوْدًا,hudan
عَادْ,'ad
عَوْصْ,'auṣ
إِرَمْ,iram
نَؼْرِيْنَا,nagrina
اْلأَحْقَافْ,al-aẖqap
فَدَاتَرَنْ,padataran
كࣤسِكْ,kěsik
عَمَّانْ,'amman
حَضْرَمَوْتْ,ẖaḏramaut
كَبُدَيَأَنْنَا,kabudayaanna
ؼَاؼَهْ,gagah
رَوڠْكَهْ,roṅkah
كَأِيࣤ,kaiyě
أُوْتُسْ,utus
إِلَهٍ,ilahin
غَيْرُهُ,ġairuhu
مُفْتَرُوْنَ,muptaruna
أَرِيْبَدَهْ,aribadah
أَڠِيْڠْ,aṅiṅ
جَرِيْجَينَنْ,jarijenan
أَجْرًا,ajran
فَطَرَنِيْ,paṯarani
تَعْقِلُوْنَ,ta'qiluna
مَينْتَ,menta
نَنَوْنْ,nanon
ڠَيُوْؼَا,ṅayuga
هَرْتِيْ,harti
رَسُوْلٌ,rasulun
أَمِيْنٌ,aminun
رَسُوْلْ,rasul
جُوْجُرْ,jujur
فَاتَّقُوْا,pattaqu
وَأَطِيْعُوْنِ,waaṯi'uni
تَرَقْوَى,taraqwa
مَسِيڠْ,masiṅ
أَتَبْنُوْنَ,atabnuna
بِكُلِّ,bikulli
رِيعِ,ri'i
آيَةً,āyatan
تَعْبَثُوْنَ,ta'baṫuna
أَسَا,asa
فَنْتَسْ,pantas
ڠَرَادࣤكْكࣤنْ,ṅaraděkkěn
ؼࣤدُوْڠْ,gěduṅ
مُوْمُڠْؼَڠْ,mumuṅgaṅ
كَامَيْوَاهَنْ,kamewahan
وَتَتَّخِذُوْنَ,watattaḵiḋuna
مَصَانِعَ,maṣani'a
لَعَلَّكُمْ,la'al-lakum
تَخْلُدُوْنَ,taḵluduna
ڠَوَاڠُونْ,ṅawaṅun
بَرَينْتَيڠْ,barenteṅ
كَاوَسْ,kawas
لِيْلَا,lila
بَائَيْ,bae
وَإِذَا,waiḋa
بَطَشْتُمْ,baṯaśtum
جَبَّارِيْنَ,jabbarina
تِنْدَاكَنْ,tindakan
بࣤڠِسْنَا,běṅisna
تُوْرْتَا,turta
تࣤلࣤڠࣤسْنَا,tělěṅěsna
سِيْڠْ,siṅ
نَرُوْرُتْ,narurut
وَاتَّقُوْا,wattaqu
أَمَدَّكُمْ,amaddakum
كُرْنِيَا,kurnia
مَڠْرُوْفِ,maṅrupi
بِأَنْعَامٍ,bian'amin
وَبَنِيْنَ,wabanina
مَڠْرُوْفَ,maṅrupa
إِيْڠَونْ,iṅon
بَرَايَا,baraya
وَجَنَّاتٍ,wajannatin
وَّعُيُوْنٍ,wwa'uyunin
كࣤبُوْنْ,kěbun
كَتُوْتْ,katut
چَائِنَا,caina
چُرْچُوْرْ,curcur
عَذَابَ,'aḋaba
عَظِيْمٍ,'aẕimin
إِڠْؼࣤسْ,iṅgěs
بَوكْ,bok
بِيْسِيْ,bisi
تِيْبَانَنْ,tibanan
فَوْئَيْ,poe
سَوَاءٌ,sawa`un
أَوَعَظْتَ,awa'aẕta
أَمْ,am
الْوَاعِظِيْنَ,al-wa'iẕina
ڠَجَوَابْ,ṅajawab
وَائَيْ,wae
بَوهْ,boh
ڠَنَصِيْحَتَنْ,ṅanaṣiẖatan
هُوْدُ,hudu
جِئْتَنَا,ji`tana
بِبَيِّنَةٍ,bibayyinatin
بِتَارِكِيْ,bitariki
آلِهَتِنَا,ālihatina
قَوْلِكَ,qolika
بِمُؤْمِنِيْنَ,bimu`minina
تࣤفِيْ,těpi
أَيْچَيسْ,eces
أَوْمَوْڠَنْ,omoṅan
إِنَّا,inna
لَنَرَاكَ,lanaraka
سَفَاهَةٍ,sapahatin
وَّإِنَّا,wwainna
لَنَظُنُّكَ,lanaẕunnuka
الْكَاذِبِيْنَ,al-kaḋibina
كَتَوْتَوْ,katoto
لَوْيَوْ,loyo
سِيْؼَنَا,sigana
ؼࣤدَيْ,gěde
بِيْ,bi
سَفَاهَةٌ,sapahatun
تࣤسِيْڠْ,těsiṅ
أُبَلِّغُكُمْ,uballiġukum
رِسَالَاتِ,risalati
وَأَنَا,waana
نَاصِحٌ,naṣiẖun
نࣤفِيْكࣤنْ,něpikěn
سَقَدَرْ,saqadar
سَجُوْجُرْنَ,sajujurna
أَوَعَجِبْتُمْ,awa'ajibtum
جَاءَكُمْ,jaakum
ذِكْرٌ,ḋikrun
رَبِّكُمْ,rabbikum
رَجُلٍ,rajulin
لِيُنْذِرَكُمْ,liyunḋirokum
ڠَرَسَا,ṅarasa
أَنَيهْ,aneh
أَيَنَا,ayana
تِفَڠَيْرَانْ,tipaṅeran
أࣤمْبَنْ,ěmban
ؼَوْلَوْڠَنْ,goloṅan
كَيْنَيْهْ,keneh
ڠَوَاوَدَينْ,ṅawawaden
وَاذْكُرُوْا,waḋkuru
جَعَلَكُمْ,ja'alakum
خُلَفَاءَ,ḵulapa`a
بَعْدِ,ba'di
وَزَادَكُمْ,wazadakum
الْخَلْقِ,al-ḵalqi
بَسْطَةً,basṯatan
فَاذْكُرُوْا,paḋkuru
آلآءَ,ālāa
تُفْلِحُوْنَ,tupliẖuna
إِيْڠࣤتْ,iṅět
جَدِيْكࣤنْ,jadikěn
ۑَكْرَاوَاتِيْ,ñakrawati
فُنْجُلْكࣤنْ,punjulkěn
دࣤدࣤؼْ,děděg
فَڠَادࣤؼْ,paṅaděg
فِنَڠْؼِيْهْ,pinaṅgih
كَبَؼْجَأَنْ,kabagjaan
أَجِئْتَنَا,aji`tana
لِتَأْفِكَنَا,lita`pikana
أَلِهَتِنَا,alihatina
ڠَبَلِيࣤرْكࣤنْ,ṅabaliyěrkěn
وَاوَادِيْكࣤنْ,wawadikěn
أࣤۑَا,ěña
وَقَعَ,waqa'a
رِجْسٌ,rijsun
وَغَضَبٌ,waġoḏabun
أَتُجَادِلُوْنَنِيْ,atujadilunani
أَسْمَآءٍ,asmāin
سَمَّيْتُمُوْهَا,sammaitumuha
وَآبَاؤُكُمْ,waābaukum
نَزَلَ,nazala
سُلْطَانٍ,sulṯanin
فَانْتَظِرُوْا,pantaẕiru
مَعَكُمْ,ma'akum
الْمُنْتَظِرِيْنَ,al-muntaẕirina
مَيْمَڠْ,memaṅ
تُمِبَا,tumiba
بࣤبࣤنْدَونْ,běběndon
تࣤفَنْتࣤسْ,těpantěs
ڠَاجَكْ,ṅajak
بَبَنْتَاهَنْ,babantahan
سَوْءَلْ,so`al
ڠَرَنَنْ,ṅaranan
أَيْيَڠْ,eyaṅ
سَمَا,sama
سَكَالِيْ,sakali
كَاتࣤرَاڠَنْ,katěraṅan
وَائࣤيْ,waěi
دَرَاؼَوْوَأَنْ,daragowaan
ڠَدَاؼَوْأَنْ,ṅadagoan
رَأَوْهُ,raauhu
عَارِضًا,'ariḏan
مُسْتَقْبِلَ,mustaqbila
أَوْدِيَتِهِمْ,odiyatihim
عَارِضٌ,'ariḏun
مُمْطِرُنَا,mumṯiruna
نَيْنْجَوْ,nenjo
مَيْؼَا,mega
نَمْفࣤ,nampě
لَيڠْكُوْبْ,leṅkub
مࣤنْدُوڠْ,měnduṅ
اسْتَعْجَلْتُمْ,asta'jaltum
رِيْحٌ,riẖun
أَلِيْمٌ,alimun
وَوَدِكࣤنْ,wawadikěn
فَينْتَ,penta
أَڠِينْ,aṅin
تُوْفَنْ,tupan
ڠَنْدُوڠْ,ṅanduṅ
ۑࣤرِيْنَا,ñěrina
تُدَمِّرُ,tudammiru
كُلَّ,kulla
بِأَمْرِ,biamri
رَبِّهَا,rabbiha
فَأَصْبَحُوْا,paaṣbaẖu
يُرَى,yura
مَسٰكِنُهُمْ,masākinuhum
كَذَلِكَ,kaḋalika
نَجْزِي,najzi
الْقَوْمَ,al-qoma
الْمُجْرِمِيْنَ,al-mujrimina
ڠَابِنَاسَكࣤنْ,ṅabinasakěn
تُمْفُرْ,tumpur
أَجُرْ,ajur
كَرِيْ,kari
رُوْرُنْتُكْ,ruruntuk
فَدُوُمْكَنَنَا,paduwumkanana
ڠَابَلࣤسْ,ṅabalěs
دَرَوْرَاكَ,daroraka
ثَمُوْدَ,ṫamuda
صَالِحْا,ṣaliẖ
ثَمُوْدْ,ṫamud
حِجَازْ,ẖijaz
شَامْ,śam
تࣤرَڠْكࣤنْ,těraṅkěn
الْقُرْآنْ,al-qurān
خُلَفَآءَ,ḵulapā`a
نَلِيْكَ,nalika
أَرَأَنْدِيْكَ,araandika
مُڠْؼَرَانْ,muṅgaran
وَبَوَّأَكُمْ,wabawwaakum
تَتَّخِذُوْنَ,tattaḵiḋuna
سُهُوْلِهَا,suhuliha
قُصُوْرًا,quṣuran
وَتَنْحِتُوْنَ,watanẖituna
الْجِبَالِ,al-jibali
بُيُوْتًا,buyutan
كَوَاسَأَنْ,kawasaan
ۑَرِيࣤنْ,ñariyěn
مَهْلِيْؼَيْ,mahlige
دَاتَرْ,datar
ڠَلَا,ṅala
بَاهَنْ,bahan
إِيْمَهْ,imah
آلَآءَ,ālāa
تَعْثَوْا,ta'ṫo
مُفْسِدِيْنَ,mupsidin
مَاسِڠْ,masiṅ
نِمْبَلْكࣤنْ,nimbulkěn
كَارُكْسَاكَنْ,karuksakan
جࣤرَوْ,jěro
نَؼَرَا,nagara
كَرࣤفْ,karěp
إِيْسُوْنْ,isun
أَرࣤفْ,arěp
مِڠْفِينْ,miṅpin
رَاهَيَةْ,rahayah
نَاهَا,naha
كَارِيْ,kari
بࣤةْ,bět
ۑَارَيكْ,ñarek
سَاكُوْمَهَا,sakumaha
تَتَالِيْ,tatali
كَرُوْهُنْ,karuhun
مَڠْمَڠْ,maṅmaṅ
تࣤرُوْسْ,těrus
ۑࣤبَرْكࣤنْ,ñěbarkěn
أَؼَامَنَا,agamana
كَانُوْ,kanu
لِيَنْ,liyan
ڠِيْلِيْڠَنْ,ṅiliṅan
كِيْتُوْنا,kituna
نُوْؼَسْكࣤنْ,nugaskěn
ڠَامَعْمُرْكࣤنْ,ṅama'murkěn
نَؼَارَا,nagara
كࣤرْتَا,kěrta
رَاهَرْجَا,raharja
تَرَارُوْبَةْ,tararubat
تَلَاجَكْ,talajak
أࣤڠْؼࣤسْ,ěṅgěs
تَلَاجَكْنَا,talajakna
لَوْبَ,loba
بَبَاكُوْنَا,babakuna
مَرِسْكِيْنْ,mariskin
جَيڠْكَيلْ,jeṅkel
تَرُوْمُتْ,tarumut
سِيَلْ,siyal
تُوْرُڮْ,turug
أَيَانَا,ayana
كَاكَچَوْوَانْ,kakacowan
ڠَلَنْتَرَنْكࣤنْ,ṅalantarankěn
ثَمُودْ,ṫamud
رَيْفَيهْ,repeh
رَافَيهْ,rapeh
فࣤچَهْ,pěcah
بࣤلَهْ,bělah
سَبَبَرَاهَا,sababaraha
دِۑَا,diña
ڠَيَاكࣤنْ,ṅayakěn
مُوْفَقَةْ,mupaqat
ۑَوَالَكࣤنْ,ñawalakěn
ڠَاتُرْ,ṅatur
سِيَاسَةْ,siasat
نَلَاسَنْ,nalasan
فَاتِيْ,pati
سَبَعْدَا,saba'da
كَابَوْهَوْڠَنَنَا,kabohoṅanana
أَتَوَا,atawa
ۑَتَا,ñata
بِيْسَائࣤنْ,bisaěn
ڠَابُكْتِيْكࣤنْ,ṅabuktikěn
بࣤنࣤرَانَنَا,běněranana
مُعْجِزَةْ,mu'jizat
چِيْكْ,cik
بُكْتِيْكࣤنْ,buktikěn
أُنْتَا,unta
كࣤنْ,kěn
سِيْنَا,sina
ۑَاتُوْ,ñatu
سَاكَرࣤفْنَا,sakarěpna
مَانَ,mana
إِيْنُوْمَنَنَا,inumanana
تِيْنَا,tina
ؼِلِيْرْ,gilir
سَافَوْئَيْ,sapoe
وَانِيْ,wani
ڠَاؼَڠْؼُوْ,ṅagaṅgu
كَاتِبَانَنْ,katibanan
ڠَادَيْڠَيْ,ṅadeṅe
جَوَابَنْ,jawaban
فَدَ,pada
ۑَلࣤڠْسࣤرِيْكࣤنْ,ñalěṅsěrikěn
فِيْرَاكُوْ,piraku
دِيْوَاوَدَينْ,diwawaden
أُوْنْتَا,unta
مَاكَيْ,make
ڠَاوَاوَدَيْنْ,ṅawawaden
دَائَيْكْ,daek
أَتُورْ,atur
لࣤئࣤتَنْ,lěětan
ؼِلِيْرْكࣤنْ,giliirkěn
أُوْنْتَانَا,untana
تࣤكِيْرَا,těkira
ڠَاهِيْنَانَا,ṅainana
نَيْكَدْ,nekad
كࣤكْ,kěk
چࣤرࣤكْ,cěrěk
چَيْتْ,cet
فࣤنْچِيتْ,pěncit
تࣤلِيْلَا,tělila
ڠَاؼُوْرَوْوَوْكْ,ṅagurowok
جُوْكُتْ,jukut
رَارَيْفَيْنْ,rarepen
بِيْنَاسَا,binasa
رَوْرَنْتَوكْ,rorantok
نَڮَرَا,nagara
كَارَتَوْنَنَا,karatonana
مَاسِهْ,masih
سَكْسِكࣤنْ,saksikěn
سَاكُرْ,sakur
ڠَالِيْوَاتْ,ṅaliwat
كَأَيْتَ,kaeta
فَكَمْفُوْڠَنْ,pakampuṅan
نَڮْرِيْ,nagri
أَلَا,ala
لِّثَمُوْدَ,liṫamuda
مُوْدَهْمُوْدَهَنْ,mudahmudahan
سَارُوْفَا,sarupa
كَاتࣤرَافْ,katěrap
سَفࣤرْتِيْ,sapěrti
أَصْحَابُ,aṣẖabu
الرَّسْ,ar-ras
وَعَادًا,wa'adan
وَّثَمُوْدَ,waṫamuda
وَأَصْحَابَ,waaṣẖaba
الرَّسِّ,ar-rassi
رَسْ,ras
مَاسِيهْ,masih
كَالِنْدِهْ,kalindih
تَوْتَلْ,total
عُمُوْمْ,'umum
أَرَأَيَا,araaya
ڠَلُمْبَرْ,ṅalumbar
ۑَرَابَا,ñaraba
سُوْمُوْرْ,sumur
ؼࣤدَيْنَا,gědena
إِيْنُوْمَنْ,inuman
فَڠࣤسِيْ,paṅěsi
أَيْرَيْتَانَنَا,eretanana
أَوْؼَي,oge
تُوْجُوهْ,tujuh
تِمْبَانَا,timbana
نَؼْرِيْ,nagri
عَدْنْ,'adn
بِيْلَڠْ,bilaṅ
هَارِيْتَا,harita
سَاكُمَهَا,sakumaha
اَلْقُرْآنْ,al-qurān
فَكَأَيِّنْ,pakaayyin
قَرْيَةٍ,qaryatin
أَهْلَكْنَاهَا,ahlaknaa
ظَالِمَةٌ,ẕalimatun
فَهِيَ,pahiya
خَاوِيَةٌ,ḵawiyatun
عُرُوْشِهَا,'uruśiha
وَبِئْرٍ,wabi`rin
مُّعَطَّلَةٍ,mmu'aṯṯalatin
وَقَصْرٍ,waqaṣrin
مَّشِيْدٍ,mmaśidin
فِيْرَاڠْ,piraṅ
بِنَاسَاكࣤنْ,binasakěn
فَڠࣤسِيْنَا,paṅěsina
بࣤرَاكْ,běrak
بࣤرُوْكْ,běruk
وَاڠُوْنَنْنَا,waṅunanna
رَارُونْتُوهْ,raruntuh
هَاتࣤفْنَا,hatěpna
أَمْبࣤرُوكْ,amběruk
سُوْمُرْنَا,sumurna
كَافَاكَيْ,kapake
سَأَتْ,saat
ڠَابَوْڮَأَنْ,ṅabogaan
كَرَاتَوْنْ,karaton
ڠَاجَالࣤڮࣤيْرْ,ṅajalěgěir
ڮࣤدُوْڠْ,gěduṅ
سِڮࣤرَوڠْ,sigěroṅ
سُوْمُرْ,sumur
فَاكَيْ,pake
أَسْمَا,asma
حَنْظَلَهْ,ẖanẕalah
چࣤمْفࣤلُڠْكࣤنْ,cěmpěluṅkěn
ڠَاجَاكْ,ṅajak
إِبَادَهْ,ibadah
يَڠْ,yaṅ
وِيْدِيْ,widi
تَوْحِيدْ,toẖid
أَيْسَا,esa
مِوَرَاڠْ,miwaraṅ
سَلِيَنْ,saliyan
مَرْڮِيْ,margi
اَلْقُرْاَنْ,al-quran
أَيَةْ,ayat
نࣤرَڠْكَنْ,něraṅkěn
قِصَةْ,qiṣah
دِچࣤكَفْكࣤنْ,dicěkapkěn
دُوْڮِيْ,dugi
إِبْرَاهِيْمْ,ibraim
تَارُخْ,taruḵ
آزَرْ,āzar
نَاخُوْرْ,naḵur
سَارُوغْ,saruġ
أَرْغُوْ,arġu
فَالُغْ,paluġ
عَابُرْ,'abur
سَالُخْ,saluḵ
فِيْنَاوْ,pinau
لَاهِرْكࣤنْ,lahirkěn
بَابِلَونْيَا,babilonya
رَاجَنَا,rajana
هَرِيْتَا,harita
نَمْرُوذْ,namruḋ
ڠِمْفَينْ,ṅimpen
مَاكُوْتَنَا,makutana
رࣤبُتْ,rěbut
مُوْرَڠْكَلِيْهْ,muraṅkalih
چُوْلَاڠُڠْ,culaṅuṅ
مُوْرَڠْكَلِيهْ,muraṅkalih
دُوْكُنْ,dukun
چَرِيَوسْكࣤنْ,carioskěn
رُنْتَڮْنَا,runtagna
كَارَاجَأَنْنَنَا,karajaannana
كُوْكِيْتُنَا,kukituna
مَرِينْتَهْكࣤنْ,marintahkěn
لَاهِرْ,lahir
إِيْبُوْنَا,ibuna
ڠَارَءَوسْ,ṅara`os
ڠَلَاهِرْكࣤنْ,ṅalahirkěn
تُوْلُوْي,tuluy
كَابُوْرْ,kabur
ڮُوْهَا,guha
جَابَڠْ,jabaṅ
بَايِيْنَا,bayina
دِكَنْتُنْكࣤنْ,dikantunkěn
فَنْتَوْنَا,pantona
تُوْتُفْ,tutup
تࣤرَاسْ,těras
مُوْلِيهْ,mulih
كُوْتَا,kuta
أُڠْڮَلْ,uṅgal
أَوْرَوْكْ,orok
لَوْڠَوْكَنْ,loṅokan
سُوْسُوَانْ,susuan
سَوَاوَا,sawawa
مِيْكِيْرْ,mikir
سُمْفِيڠْ,sumpiṅ
كَأَيَأَنْ,kaayaan
هِيْرُوْفْ,hirup
كُمْبُهْ,kumbuh
تَرُوْتَمِيْ,tarutami
بَڮْبَاڮَنْ,bagbagan
أَڮَامَ,agama
چَرِيَوْسْكࣤنْ,carioskěn
كَاوِتْ,kawit
رَاجَ,raja
كَاچَاچَهْنَا,kacacahna
مِڮُسْتِيْ,migusti
كَابࣤرَاهَلَا,kaběrahala
فࣤتِيْڠْ,pětiṅ
ڠࣤلَوْلْ,ṅělol
جَنَّ,janna
اللَّيْلُ,al-lelu
رَأَى,raa
كَوْكَبًا,kokaban
أَفَلَ,apala
أُحِبُّ,uẖibbu
الْآفِلِيْنَ,al-āpilina
رࣤفْ,rěp
بَيْنْتَڠْ,bentaṅ
تِيْلࣤمْ,tilěm
سَوْكْ,sok
ڠࣤمْفࣤرَيْ,ṅěmpěre
ۑَإِيࣤ,ñaiyě
سُوْرُفْ,surup
بࣤأَنَا,běana
فَفَارِنْ,paparin
كَئِيْسُكْنَا,kaisukna
سُوْمِرَاتْ,sumirat
دࣤئِيْهْ,děih
كَمُشْرِيْكَنْ,kamuśrikan
عِبَادَه,'ibadah
ڠَيَوْڮَاكࣤنْ,ṅayogakěn
لَاڠِتْ,laṅit
إِخْلَاصْ,iḵlaṣ
رَجࣤڠْ,rajěṅ
مَلُشْرِكْ,maluśrik
سࣤمْبَهْ,sěmbah
فُوْجَا,puja
إِيْوَالْ,iwal
نُوْڠْڮَلْ,nuṅgal
أَيْسَانَا,esana
سَانَؤَسْ,sanaos
ڠَرَءَوْسْ,ṅara`os
فࣤرْيَوْڮِيْ,pěryogi
كَاتࣤڮࣤسَنْ,katěgěsan
سُوْفَدَوْسْ,supados
صِدِقْ,ṣidiq
چَوْچَوْڮْ,cocog
كَايَقِيْنَنْ,kayaqinan
نُوْمَوِيْ,numawi
أَرِنِيْ,arini
تُحْيِ,tuẖyi
الْمَوْتَى,al-mota
نُوْنْ,nun
ڮُسْتِيْ,gusti
أَبْدِيْ,abdi
مُوْڮِيْ,mugi
نِيْمْبوْڠْكࣤنْ,nimbuṅkěn
چَرَانَا,carana
مَؤَتْ,maot
دَاوُهْنَا,dawuhna
فࣤرْچَيَا,pěrcaya
سَانَيْسْ,sanes
فࣤرْچَنْتࣤنْ,pěrcantěn
تࣤڠْتࣤرࣤمْ,těṅtěrěm
مُوْنْ,mun
تَيْوَكْ,tewak
مَنُوْكْ,manuk
أَوْفَهْ,opah
لِيْلِنْدࣤكْ,lilinděk
چَاچَڮَنْ,cacagan
تࣤنْدࣤنْ,těnděn
بَاڮِيَنْ,bagiyan
ڮُوْنُڠْ,gunuṅ
چَلُوْكَنْ,calukan
هَلِيْبࣤرْ,haliběr
ۑَمْفࣤرْكࣤنْ,ñampěrkěn
ڮَمْبَرَانَنَا,gambaranana
فࣤرَكْنَا,pěrakna
ڠَهِيْرُفْكࣤنْ,ṅairupkěn
بُوْلࣤدْ,bulěd
كَايَقِيْنَنَنَا,kayaqinanana
ڮِلِيْڮْ,gilig
مَخْلُوْقْ,maḵluq
بَرِيْسْ,baris
فَرِكْسَا,pariksa
عَمَلْلَنْنَنَا,'amallannana
سِڠْكِيْلْ,siṅkil
چَڠْچُوْتْ,caṅcut
تَلِيْ,tali
وَنْدَا,wanda
ڠَاجَلَنْكࣤنْ,ṅajalankěn
تُوْڮࣤسْ,tugěs
دَعْوَهْنَا,da'wahna
مِمِيْتَانْ,mimitan
فَڠْدࣤكࣤتْنَا,paṅděkětna
رُوْمَهْ,rumah
تَڠْڮَانَا,taṅgana
ۑَلِيْرَا,ñalira
ڮࣤنِيْڠْ,gěniṅ
بࣤهْ,běh
ۑࣤمْبَهْ,ñěmbah
بࣤرَاهَلَا,běrahala
ڠَدَيْڠَيْ,ṅadeṅe
ۑࣤمْبَدَأَنْ,ñěmbadaan
سَأࣤتِيْكْ,saětik
أَوْڮَيْ,oge
سَايࣤكْتَوْسْنَا,sayěktosna
كَيْڠَيْڠْ,keṅeṅ
تُوْمُتْ,tumut
ڠَاهَاتُرْكࣤنْ,ṅahaturkěn
فِيْتُوْدُهْ,pituduh
جَالَنْ,jalan
لࣤمْفࣤڠْ,lěmpěṅ
سَيْطَنْ,saiṯan
رࣤيْمْفَنْ,rěimpan
بَوْكْ,bok
بِلِيْهْ,bilih
بَفَانَا,bapana
أَنَكِيْڠْ,anakiṅ
تࣤرࣤسࣤفْ,těrěsěp
دَيْوَاتَ,dewata
أࣤرࣤنْ,ěrěn
بَرِسْ,baris
بَلَيْدَوْڮْ,baledog
جُوْرْ,jur
دِيࣤ,diyě
سَلَالَوَسْنَا,salalawasna
سَفَرَنْتَوْسْ,saparantos
نُوْلَكْ,nulak
فَاڠَجَكْنَا,paṅajakna
نࣤرَاسْكࣤنْ,něraskěn
لِقَوْمِهِ,liqomihi
تَعْبُدُوْنَ,ta'buduna
تومروس,tumrus
كا,ka
قومنا,qumna
نؤن,naun
د,d
فوجا,puja
فنجوڠ,pnjuṅ
تيه,tih
سريرَيْيَا,srirea
موجا,muja
برهلا,brhala
منجوڠ,manjuṅ
تفيكوڠ,tpikuṅ
سمبه,smbh
تࣤفَتُوْتْ,těpatut
بࣤرْهَلَا,běrhala
ڠَدَيڠَي,ṅadeṅe
أُوفَمَا,upama
سَمْبَتْ,sambat
بِيسَا,bisa
مَيرَي,mere
فِتُولُڠْ,pituluṅ
بَهْلَا,bahla
تَتَالِي,tatali
كَارُوهُنْ,karuhun
سَمْفَكْ,sampak
فِيكِيرَانْ,pikiran
فَمُوجَأَنْ,pamujaan
بنر,bnr
هࣤنْتࣤنا,hěntěna
سࣤسࣤمْبَاهَنْ,sěsěmbahan
سَتْرُوفِيكࣤنْ,satrupikěn
مُوجَا,muja
نُو,nu
مُرْبࣤڠْ,murběṅ
ڠَيُوڮَاكࣤنْ,ṅayugakěn
فِتُودُهْ,pituduh
ڠَينَومْ,ṅenom
كَؤلَا,kaula
ڮࣤرِيڠْ,gěriṅ
ۑَڮࣤرْكࣤنْ,ñagěrkěn
ڠَامَوْتكࣤنْ,ṅamautkěn
ڠَاهِيرُفْكࣤنْ,ṅairupkěn
دࣤئِي,děi
كَؤُلَاجَڮَا,kaulajaga
فِهَارࣤفْ,piharěp
ڠَاهَفُنْتࣤنْ,ṅahapuntěn
رُوفَ,rupa
كَاسَلَاهَنْ,kasalahan
دِينَا,dina
فَوئَي,poe
وَوَالࣤسْ,wawalěs
قَوْمنَا,qomna
نَولَكْ,nolak
فِيكِيرْنَا,pikirna
كَاڮَوكْ,kagok
أَسَوڠْ,asoṅ
كَافَالَڠْ,kapalaṅ
بَاسࣤهْ,basěh
كُودٌ,kudun
ڮِيلِڮْ,gilig
فَتَيْكَادَنْ,patekadan
ۑَڠْهَارࣤفَنْ,ñaṅharěpan
كَارَنْدَافَنْ,karandapan
تَاللّهِ,tallāhi
لَأَكِيْدَنَّ,laakidanna
أَصْنَامَكُمْ,aṣnamakum
تُوَلُّوا,tuwallua
مُدْبِرِيْنْ,mudbirin
أَومَوڠْنَا,omoṅna
سَاجࣤرَونِيڠْ,sajěroniṅ
أَتِي,ati
ۑِيئࣤنْ,ñiěn
فࣤتَاكُوْمَهَا,pětakumaha
ڠَنْچُورْكࣤنْ,ṅancurkěn
ۑَرِيڠْكَهْ,ñariṅkah
هَنْچُرْكࣤنْ,hancurkěn
نࣤفِي,něpi
كَارࣤمُكْ,karěmuk
بُوبُڮْ,bubug
كَجَابَا,kajaba
ڮࣤدَينَا,gědena
كَمْفَكْنَا,kampakna
سَڠْسَڠْكࣤنْ,saṅsaṅkěn
تَكْنَا,takna
تࣤرُوسْ,těrus
مُولِيهْ,mulih
بُومِنَا,bumina
إِيسُوكْنَا,isukna
لَوبَا,loba
أَرَاسُفْ,arasup
چَنْدِي,candi
كَارَاڮَيتْ,karaget
ۑَمْفَكَ,ñampaka
بࣤراهَلَانَا,běrahalana
فَبَالَتَكْ,pabalatak
ڮُويُرْ,guyur
سَلَالࣤمْبُرْ,salalěmbur
سِيلِهْ,silih
تَاۑَ,taña
سَهَاَۑ,sahaañ
جَلْمَانَ,jalmana
ڮَارَا,gara
سَرُوفَ,sarupa
مَوءَلْ,moal
تَڠْتُو,taṅtu
فَڮَاوَييَانَ,pagawean
سِي,si
بُودَكْ,budak
نُرُسْ,nurus
تُنْجُڠْ,tunjuṅ
سِيَهْ,siyah
كَامِي,kami
بَيجَاكࣤنْ,bejakěn
ڠَنْدِيكَ,ṅandika
أَنُو,anu
مِيڮَاوَي,migawe
لَلَمْفَاهَنْ,lalampahan
سَرُوْفَ,sarupa
تُوْهْ,tuh
أَيْتَوْ,eto
مَيْڮَاوَيْ,migawe
سُمَڠْڮَا,sumaṅga
تَرَوْسْ,taros
يَكْتَوْسْ,yaktos
تِيَاسَئࣤنْ,tiasaěn
ۑَرِيَوْسْ,ñarios
ڠَهُوْلࣤڠْ,ṅaulěṅ
تُڠْكُلْ,tuṅkul
ڠࣤنْدِيْكَامَانَيْهْ,ṅěndikamaneh
تࣤبِيْسَائࣤنْ,těbisaěn
ڠَوْمَوْڠْ,ṅomoṅ
هࣤرࣤيْ,hěrěi
أونيڠا,uniṅa
بࣤرَهَلَا,běrahala
نَانَؤَنْ,nanaon
سࣤسࣤمْبَهْ,sěsěmbah
دُوْرُكْ,duruk
سِيْڮَا,siga
تُهُوْ,tuhu
مُنْجࣤڠْ,munjěṅ
دِيْوَاتَ,diwata
سَڠْڮࣤسْ,saṅgěs
سࣤنࣤ,sěně
هُوْرُڠْكࣤنْ,huruṅkěn
ڮُنْدُوْكَنْ,gundukan
سُوْلُهَنْ,suluhan
ڠُوْنُڠْ,ṅunuṅ
مُنْتَبْ,muntab
مࣤلࣤكࣤتࣤكْتࣤكْ,mělěkětěktěk
هَاسࣤفْنَا,hasěpna
لَڠِيْتْ,laṅit
فَوْئَيْكْ,poek
مࣤنْدُوْڠْ,měnduṅ
أَلُڠْكࣤنْ,aluṅkěn
مَنْجَنِيْقْ,manjaniq
أَلَةْ,alat
مَرِيࣤمْ,mariyěm
فَرَنْتِيْ,paranti
ڠَالُڠْكࣤنْ,ṅaluṅkěn
ڠَاڮࣤمْفُوْرْ,ṅagěmpur
بَيْنْتَيْڠْ,benteṅ
وَاتࣤكْنَا,watěkna
فَانَسْ,panas
مَاتَكْ,matak
تُوْتُڠْ,tutuṅ
ڠَادُوْرُكْ,ṅaduruk
كَالَيْنْتَبْ,kalentab
نَنَؤَنْ,nanaon
كَارَاسَنَا,karasana
تِئِسْ,tiis
هَنْدَافࣤنْ,handapěn
تَاتَڠْكَلَنْ,tataṅkalan
إِيُوْهْ,iuh
تِيُوفْ,tiup
أَڠِيْنْ,aṅin
ڠَاهَلِيْوِيْرْ,ṅahaliwir
چَابُتْ,cabut
نَارُ,naru
كُوْنِيْ,kuni
بَرْدًا,bardana
وَسَلَامًا,wasalaman
مَاوَا,mawa
چَرِيُوْسْكࣤنْ,cariuskěn
فَارࣤمْ,parěm
كَلُوَارْ,kaluar
بُوْڮࣤرْ,bugěr
تࣤكِيْرَاڠْ,těkiraṅ
سَاوِيَوسْ,sawios
تِنَڠْتُوْ,tinaṅtu
نِيْڠَالِيْ,niṅali
مُعْجِزَتْنَا,mu'jizatna
سَاكِيْتُوْ,sakitu
أَهَيْڠْنَا,aeṅna
تࣤتࣤرَاكْ,tětěrak
تࣤتُوْتُڠْ,tětutuṅ
تࣤمࣤلࣤنْدُڠْ,těmělěnduṅ
تࣤسَوِيَوْسْ,těsawios
نَمْرُوْذْ,namruḋ
وَاطِرْ,waṯir
لَوْبَنَا,lobana
بِيْسِيْهْ,bisih
كَرَاجَأَنَنَا,karajaanana
سَاؤُرْ,saur
أَجَكْ,ajak
دَيْبَتْ,debat
أَيْلَيْهْ,eleh
سَيْئَيْفَيْنْ,seepen
حُجَهْ,ẖujah
رَاهَيَتْنَا,rahayatna
بࣤنْدُڠْ,běnduṅ
تَارَوْسْ,taros
سَائَيْسْتُوْنَا,saestuna
ذَاتْ,ḋat
ڠَامَوْتْكࣤنْ,ṅamautkěn
لࣤرࣤسْ,lěrěs
نَمُوْڠْ,namuṅ
ڠَاتُوْرْ,ṅatur
جَالَنْنَا,jalanna
مࣤلࣤتَيْكْنَا,mělětekna
وَيْتَنْ,wetan
چِڠْ,ciṅ
چَوْبِيْ,cobi
أُفَمِيْنَا,upamina
مࣤلࣤتَيْكْ,mělětek
كُوْلَوْنْ,kulon
أُفَمِيْ,upami
كَوَاسْ,kawas
سَڠْ,saṅ
ڠَابِيْڮࣤ,ṅabigě
وَيْهْ,weh
تࣤتِيَاسَئࣤنْ,tětiasaěn
ڠَاجَوَابْ,ṅajawab
سَاكࣤچَفْ,sakěcap
أَچَنْ,acan
بِيْڠُوْڠْ,biṅuṅ
ۑَافࣤتَا,ñapěta
ڠࣤرࣤنَنْ,ṅěrěnan
فَائَيْهْ,paeh
لِيْيَانْ,lian
تِنْدَسْ,tindas
ڮࣤرَاكَنْ,gěrakan
بَيْرَيْ,bere
كَاسࣤمْفࣤتَنْ,kasěmpětan
كَامَنَا,kamana
تُوْتُرْكࣤنْ,tuturkěn
وَادِيَا,wadia
بَلَدْ,balad
رَهَيَةْ,rahayah
ڠَرَاؤَسْ,ṅaraos
بࣤتَهْ,bětah
سࣤڠْكࣤرْ,sěṅkěr
كَابَيْبَاسَنْ,kabebasan
بࣤرْڮࣤرَاكْ,běrgěrak
ۑَرِيْتَانْ,ñaritan
أَڠْكَتْ,aṅkat
ڠُڠْسِيْ,ṅuṅsi
مࣤصِرْ,měṣir
إِسْتࣤرِيْنَا,istěrina
ۑِمَسْ,ñimas
سَارَهْ,sarah
كَاتُوْةْ,katut
أَلَوْنَا,alona
لُوطْ,luṯ
وَسْفَؤَسْ,waspaos
فِيْكَابَوْڮَوْهْ,pikabogoh
فِرْعَوْنْ,pir'aun
ڮࣤلِيْسْنَا,gělisna
كَاوَانْتِيْ,kawanti
تَنْدِيْڠَنَا,tandiṅana
فُوْڮُوْهْ,puguh
بَيْنْتَڠْنَا,bentaṅna
بَابِلَونْ,babilon
وَلَاكَيَا,walakaya
كَجَابِيْ,kajabi
كࣤدَهْ,kědah
فَسْرَهْ,pasrah
سُوْمࣤرَاهْ,suměrah
كَاوِيْچَكْسَنَأَنْ,kawicaksanaan
مُوْڮَا,muga
فَانَڠْتَايُوْڠَنْ,panaṅtayuṅan
فَافَتَهَنْ,papatahan
أَڠْكࣤنْ,aṅkěn
سَلَاكِيْ,salaki
مَئَوْنَمْ,maonam
أَكُوْ,aku
فُوْنْ,pun
لَنْچࣤقْ,lancěq
كِيْتُوْهْ,kituh
كَأَكَڠْ,kaakaṅ
فِيْتُوِيْنْ,pituwin
دَادَكْ,dadak
دُمَدَكْ,dumadak
كَاسِيࣤنࣤنْ,kasiyěněn
دُوْكَا,duka
تࣤكَاهَرْتِيْ,těkaharti
إِمْفَيْنْنَا,impenna
بَةْ,bat
كَإِمْفَيْكࣤنْ,kaimpekěn
فِيْكَاسِيࣤنْ,pikasiyěn
فࣤتِڠْنَا,pětiṅna
ڠَاڮَڠْڮُوْ,ṅagaṅgu
فَمَاجِيْكَنْ,pamajikan
بَاتُوْرْ,batur
فَامَقْصُوْدَانْ,pamaqṣudan
كَالَكَوْنْ,kalakon
أَخِيْرْنَا,aḵirna
فُوْلَڠْكࣤنْ,pulaṅkěn
فَسْرَهْكࣤنْ,pasrahkěn
وُوُهَنْ,wuwuhan
هَدِيَهْ,hadiyah
فࣤرْهِيَاسَنْ,pěrhiasan
أࣤمَسْ,ěmas
بࣤرْلِيَنْ,běrliyan
فَاسِيْهَنْ,pasihan
ڠَرَانْ,ṅaran
هَاجَرْ,hajar
سُڮْمَاكࣤنْ,sugmakěn
سࣤنَڠْكࣤنْ,sěnaṅkěn
بَيْڠْبَتْ,beṅbat
نْۑَابَرَانَا,ñabarana
لࣤمْبُرْ,lěmbur
ڠَرَؤَسْ,ṅaraos
ڮَادَهْ,gadah
مِڠْفِيْنْ,miṅpin
لࣤمْبُوْرْ,lěmbur
سَاكُوْلَاوَرْڮَ,sakulawarga
فَامِيْتَنْ,pamitan
فࣤرَبُوْ,pěrabu
لُوْطْ,luṯ
فِيْوَرَاڠْ,piwaraṅ
فَامَنْنَا,pamanna
مُوْلِهْ,mulih
سَدَوْمْ,sadom
مُوْلِيْهْنَا,mulihna
ڠَارَؤَسْ,ṅaraos
فَڠْهَارࣤفَنْ,paṅharěpan
ڠَاڮَدُوْهَنْ,ṅagaduhan
ڮَابُڮْ,gabug
چَارَوْڮَيْ,caroge
تَاؤُنْ,taun
يُسْوَانَا,yuswana
لُنْتُوْرْ,luntur
مَانَهْ,manah
رِضَانِڠْ,riḏaniṅ
ڮَالِيْهْ,galih
سُوْڮَنْ,sugan
كَاڮُڠَنْ,kaguṅan
أَنَوْمْ,anom
مَاسِيْهْ,masih
فࣤرَاوَنْ,pěrawan
لَامِيْ,lami
سَنَؤَسْ,sanaos
هَاتِيْ,hati
تࣤبࣤنَڠْ,těběnaṅ
بَوْبَوْدَوْ,bobodo
رَاسَا,rasa
كَاوَنِيْتَأَنْنَنَا,kawanitaannana
ڠَابَرَوْنْتَكْ,ṅabarontak
مَادُوْ,madu
كُوْرُوْ,kuru
أَكَڠْ,akaṅ
ڠَاجَڠْجَوِيْڠْ,ṅajaṅjawiṅ
بَاوَانِيْڠْ,bawaniṅ
نَنْدَاڠَنْ,nandaṅan
كَاسࣤدِيْهْ,kasědih
سَوْچَا,soca
سِيْفِيْتْ,sipit
بَلَسْ,balas
تࣤئِيْڠْ,těiṅ
نَاڠِيْسْ,naṅis
بَلَاكَا,balaka
كِيَتْ,kiyat
تِيْمُوْرُوْ,timuru
تࣤمَيْرَيْ,těmere
ڮَيْدَيْڠࣤنْ,gedeṅěn
چَرُوْڮَيْنَا,carugena
إِسْمَاعِيْلْ,isma'il
فَافَڠْكُوْ,papaṅku
فَڠْكُوْنَنَا,paṅkunana
سُوْهُنْكࣤنْ,suhunkěn
تࣤبِهْكࣤنْ,těbihkěn
چَنْدَكْ,candak
أَبࣤرْ٢رَانْ,aběr2ran
سَافَرَانْ,saparan
تࣤفُوْڮُهْ,těpuguh
جُڮْجُوْكْ,jugjuk
كَانَڮْرِيْ,kanagri
مࣤكَهْ,měkah
مَسِهْ,masih
تِئِسࣤنْ,tiisěn
سَؤَرَاڠْ,saoraṅ
تَتَڠْكَالَنْ,tataṅkalan
سَالࣤمْبَرْ,salěmbar
كَاچَرِيُوْسْكࣤنْ,kacariuskěn
مُوْلِيْهْ,mulih
ڠَدُوْڠَا,ṅaduṅa
أَسْكَنْتُ,askantu
ذُرِّيَّتِيْ,ḋurriyyati
بِوَادٍ,biwadin
غَيْرِ,ġairi
ذِيْ,ḋi
زَرْعٍ,zar'in
عِنْدَ,'inda
بَيْتِكَ,betika
الْمُحَرَّمِ,al-muẖarrami
لِيُقِيْمُوْا,liyuqimu
الصَّلَاةَ,aṣ-ṣalata
فَاجْعَلْ,paj'al
أَفْئِدَةً,apidatan
النَّاسِ,an-nasi
تَهْوِيْ,tahwi
إِلَيْهِمْ,ilaihim
وَارْزُقْهُمْ,warzuqhum
الثَّمَرَاتِ,aṫ-ṫamarati
لَعَلَّهُمْ,la'al-lahum
يَشْكُرُوْنَ,yaśkurun
سَدَيَا,sadaya
مࣤرْنَهْكࣤنْ,měrnahkěn
كُوْلَاوَرْڮَا,kulawarga
لَيْڠْكَوْبْ,leṅkob
فࣤرْنَهْنَا,pěrnahna
چَاكࣤتْ,cakět
بَيْتُ,betu
الْمُحَرَّمْ,al-muẖarram
ڠَرَادࣤڮْكࣤنْ,ṅaraděgkěn
مُوْڮِيْا,mugia
چࣤڠࣤڠْ,cěṅěṅ
مَنْتࣤڠْ,mantěṅ
دَارَارَڠْكَفْ,dararaṅkap
فَفَارِيْنْ,paparin
رِزْقِي,rizqi
مَڠْرُوْفِيْ,maṅrupi
بُوْبُوَاهَنْ,bubuahan
مَرُوْجِيْ,maruji
شُكُرْ,śukur
چࣤڠْكَتْ,cěṅkat
ڠَاڠَئِسْ,ṅaṅais
مُنْتَاڠَنْ,muntaṅan
كَأَنْجࣤنَا,kaanjěna
كَمَانَ,kamana
تَيْڮَا,tega
ڠَنْتُنْكࣤنْ,ṅantunkěn
سَكِيࣤ,sakiyě
تِئِسْنَنَا,tiisnana
جࣤمْفࣤلَڠْ,jěmpělaṅ
جࣤمْفࣤلِڠْ,jěmpěliṅ
سَئَوْرَڠْ٢,saoraṅ2
سَئُوْڠْ,sauṅ
هِجِيْ٢,hiji2
ۑَاۑَلِنْدُوڠْ,ñañalinduṅ
فِيْهَافَيْكࣤنْ,pihapekěn
ڠَالِيࣤكْ,ṅaliyěk
بَوْجَوْنَا,bojona
سࣤدِيْهْ,sědih
چِيْ,ci
سَوْچَنَا,socana
رَامْبَيْ,rambai
سَئُورْنَا,saurna
أࣤنُوْڠْ,ěnuṅ
بَوْجَوْ,bojo
أَتَوْسْ,atos
نَاڠِسْ,naṅis
سَئࣤۑَانَا,saěñana
دِئࣤي,diěy
نَامُڠْ,namuṅ
دَالَهْ,dalah
أَوْڮࣤىْ,ogě
كُدُوْ,kudu
سُوْمࣤرَهْ,suměrah
مِيْوَرَڠْ,miwaraṅ
إِىࣤ,iyě
تُڠْكُوْلْ,tuṅkul
فَنَوْنْنَا,panonna
ۑُوْرُوْچُدْ,ñurucud
ۑَكْچࣤلَاكَنْ,ñakcělakan
فِيْفِنَا,pipina
لِيْرْ,lir
مُوْتِيْيَارَا٢,mutiara2
مَرُوْرَاڮَنْ,maruragan
سُوْچَنَا,sucana
أࣤهْ,ěh
أࣤڠْكَڠْ,ěṅkaṅ
سَاوِيَوْسْ,sawios
تِنَڠْتَوْسْ,tinaṅtos
ڠَنْتࣤفْ,ṅantěp
مَڠْڮَا,maṅga
وِيْلُوْجࣤڠْ,wilujěṅ
دِجَالَنْنَا,dijalanna
فَنَوْنْ,panon
مࣤنْتࣤرَاڠْ,měntěraṅ
مࣤنْتࣤرِيْڠْ,měntěriṅ
فَوْهَارَا,pohara
فَانَسْنَا,panasna
ۑِيْ,ñi
كَاچِيْدَا,kacida
ڠَرَاسَا,ṅarasa
هَلَبْهَبْنَا,halabhabna
كَوْمَوْ,komo
أَوْرَوْكْنَا,orokna
تࣤأࣤرࣤنْ٢,těěrěn2
ڠِيْنُوْمْ,ṅinum
نَيْأَڠَنْ,neaṅan
لِيࣤكْ,liyěk
هَرࣤفْ,harěp
سَاكُوْرِيْلِيْڠْ,sakuriliṅ
بُڠْكِيْڠْ,buṅkiṅ
سَڮَارَا,sagara
كࣤسِيْكْ,kěsik
ڮُوْنُڠْ٢,gunuṅ2
أِيْتُ,itu
كَاتِڠَالِيْ,katiṅali
كَتࣤبِيْهَانْ,katěbihan
فَاسِرْ,pasir
صَفَا,ṣapa
بࣤرࣤبࣤتْ,běrěbět
لُمْفَتْ,lumpat
نَائَيْكْ,naek
كَنَا,kana
نَانَئَوْنْ,nanaon
فُڮُوْهْ,puguh
فَتَامَوْرْڮَنَا,patamorgana
سَأَبْ,saab
كَاتِيْڠَالِيْ,katiṅali
كَاتࣤبِيْهَنْ,katěbihan
كَافَانَسَنْ,kapanasan
سَئُوْكُرْ,saukur
كَالَڠْكَڠْنَا,kalaṅkaṅna
مَرْوَهْ,marwah
فُوْڮُهْ,puguh
فَاتَامَوْرْڮَنَا,patamorgana
رَيْتْ,ret
كَافَاسِرْ,kapasir
وࣤلَيْهْ,wěleh
مَڠْڮِيْهَنْ,maṅgihan
بَالِكْ,balik
لُمْفَتَنْ,lumpatan
فُتْرَانَا,putrana
أࣤنْچَيْفْ,ěncep
چَافَيْنَا,capena
چَالِكْ,calik
بَارِيْ,bari
مَڠْكُوْ,maṅku
ڠَادُكْ٢,ṅaduk2
بَوَانِيْڠْ,bawaniṅ
كَنْتُنْ,kantun
سَالَكِيْ,salaki
فِيْفُنْتَاڠࣤنْ,pipuntaṅěn
ڮُوْسْتِيْ,gusti
دَفَا,dapa
دَيْفَيْ,depe
ڠَادُعَا,ṅadu'a
مَؤَالْ,maol
بُوْدَكْ,budak
لُوْچُوْنَا,lucuna
تِڠْڮَلْكࣤنْ,tiṅgalkěn
لِيْڠْكُوْبْ,liṅkub
ڮَارِيْڠْ,gariṅ
سِيْسِيْ,sisi
ڮَاوِيْرْنَا,gawirna
كَنْتَوْسْ,kantos
مُوْجَا,muja
ڠَادُوْعَا,ṅadu'a
الصَّلاَةَ,aṣ-ṣalata
تُوْتُوْوُهَنْ,tutuwuhan
الْحَرَامْ,al-ẖaram
مُوْڮِيَا,mugia
دَرَارَوْڠْكَفْ,dararoṅkap
كَادِۑَا,kadiña
دُوْعَا,du'a
إِجَابَهْ,ijabah
كࣤمْبَڠْنَا,kěmbaṅna
ۑأَيْتَ,ñeta
ڠَابُوْرِيَلْنَا,ṅaburiyalna
ۑُوْسُوْ,ñusu
دَمْفَلْ,dampal
سَمْفَيْيَانْ,sampean
هَيْرَاڠْ,heraṅ
ڠَاڮࣤنْچࣤلَڠْ,ṅagěncělaṅ
إِيْنُوْمْنَا,inumna
وَارَارࣤڮْ,wararěg
ڠَالࣤئࣤتْ,ṅalěět
سِيࣤئنْ,siyěn
ۑࣤرࣤفْ,ñěrěp
كَاجࣤرَوْ,kajěro
بࣤنْدُوْڠْ,běnduṅ
تَنْدَيْيَانْ,tandean
فَنَاڠَنَنَا,panaṅanana
سَاسَؤُرَانْ,sasauran
زِمْ,zim
مَاءْ,ma`
چِچِيْڠْ,ciciṅ
مَاسِيْڠْ,masiṅ
ڠَابُرِيَالْ,ṅaburial
سَافَفَؤَوْسْنَا,sapapaosna
سَأَتْنَا,saatna
كِيْوَارِيْ,kiwari
مَانُكْ,manuk
هَلَالِيْبࣤرْ,halaliběr
كَلَايَڠَنْ,kalayaṅan
لُوْهُرَنْ,luhuran
تِيْنَڠْتُوْ,tinaṅtu
ڠَلَالَڠْكُوْڠْ,ṅalalaṅkuṅ
ڠَادَوْنْ,ṅadon
ڠَرࣤرࣤبْ,ṅarěrěb
ۑُوْهُنْكࣤنْ,ñuhunkěn
وِدِيْ,widi
ڠِرِيْڠْ,ṅiriṅ
ڠَاڮࣤڮࣤهْ,ṅagěgěh
تَمْفِيْ,tampi
ۑا,ña
ڠَابࣤبࣤتَهْ,ṅaběbětah
ڠَابَابَكْ,ṅababak
فَكَامْفُوْڠَنْ,pakampuṅan
لُوْلُمْفَاتَنْ,lulumpatan
أُوْلِيْنْ,ulin
بَبَاتُوْرَانَنَا,babaturanana
ۑَارِيَوْسْ,ñarios
وَرْڮَا,warga
كَاتُوْرُنَنْ,katurunan
كَاتࣤلَهْ,katělah
بَڠْسَا,baṅsa
مُسْتَعْرِبَهْ,musta'ribah
دࣤڠࣤنْ٢,děṅěn2
أَسُفْ,asup
لَمِيْ,lami
سُمْفِڠْ,sumpiṅ
تُلُوْيْ,tului
ڠࣤتْرَوْكْ٢,ṅětrok2
فَنْتَوْ,panto
تُوْرَوْجَوْلْ,turojol
نَرَوْسْ,naros
كَالࣤوࣤڠْ,kalěwěṅ
كَاهِيْرُوْفَنْ,kahirupan
دُهْ,duh
أَوَوْنْ,awon
فِسَانْ,pisan
رُفࣤكْ,rupěk
كَهِيْرُفَنْ,kahirupan
مَمَا,mama
تِتِفْ,titip
بَڠْبَارُڠْ,baṅbaruṅ
ڮࣤنْتَوْسْ,gěntos
فَامِتَنْ,pamitan
لࣤوࣤڠْ,lěwěṅ
أُنْجُوْكَنْكَڠْ,unjukankaṅ
سࣤفُوْهْ٢,sěpuh2
نَمُوْ,namu
ۑَڠْڮَاكࣤنْ,ñaṅgakěn
تَلَتَهْ,talatah
چࣤنَهْ,cěnah
جُڠْ,juṅ
لَامِيْ٢,lami2
كࣤكࣤتْرَوْكْ,kěkětrok
جَوْلْ,jol
مُوْكَا,muka
ڠَاحَوْرْمَةْ,ṅaẖormat
تَمُوْ,tamu
چَرَوْڮَيْ,caroge
لِلَّهْ,lillah
نَئَوْنْ,naon
زَمْزَمْ,zamzam
دَاڮِڠْ,dagiṅ
سُسُوْ,susu
اَللَّهُمَّ,allahumma
بَارِكْ,barik
لَحْمِهِمْ,laẖmihim
وَلَبَنِهِمْ,walabanihim
وَمَاءِهِمْ,wamaihim
ڠَابࣤرْكَهْكࣤنْ,ṅaběrkahkěn
دَاڮِڠْنَا,dagiṅna
سُسُوْنَا,susuna
دࣤئْيْ,dě`i
فࣤلࣤڠْ,pělěṅ
سُمْفِڠْ٢,sumpiṅ2
ۑُهُوْنْكࣤنْ,ñuhunkěn
ستِيْ,sti
تَفِيْ,tapi
نࣤفَاڠَنْ,něpaṅan
كَلࣤرࣤسَنْ,kalěrěsan
نَرَوْسْكࣤنْ,naroskěn
فُفُوْسْ,pupus
فࣤنْدࣤمْ,pěnděm
چَاكࣤةْ,cakět
حَجَرْ,ẖajar
أَسْوَدْ,aswad
ڮࣤنࣤفْ,gěněp
تَاهُوْنْ,taun
عُمُرْ,'umur
ڠَدَوْنْ,ṅadon
سِيْرَامْ,siram
بُوْجࣤڠْ,bujěṅ
سُمُرْ,sumur
سِلِهْ,silih
رَاڠْكُوْلْ,raṅkul
هُوْرْمَةْ,hurmat
تُوَاڠْكࣤنْ,tuaṅkěn
سَأَيَا٢,saaya2
سَفَرَانْتَوْسْ,saparantos
سَلْسَيْ,salse
سَسَاؤُرَانْ,sasauran
أُوْجَڠْ,ujaṅ
أَنَاكِڠْ,anakiṅ
فَرَيْنْتَهْ,parentah
ڠَدࣤڮْكࣤنْ,ṅaděgkěn
بࣤرࣤمْ,běrěm
أُجَڠْ,ujaṅ
مِلُوْ,milu
ڠَابَنْتُوَانْ,ṅabantuan
ڠَدڮْكنْ,ṅadgkn
كَعْبَةْ,ka'bah
يَرْفَعُ,yarpa'u
الْقَوَاعِدَ,al-qawa'ida
الْبَيْتِ,al-beti
وَإِسْمَاعِيْلُ,waisma'ilu
ڠَوَاڠُنْ,ṅawaṅun
بَنْتُوَانْ,bantuan
فَنْدࣤمَيْنَنَا,panděmenana
تَقَبَّلْ,taqabbal
السَّمِيْعُ,as-sami'u
وَاجْعَلْنَا,waj'alna
مُسْلِمَيْنِ,muslimeni
وَمِنْ,wamin
ذُرِّيَّتِنَا,ḋurriyyatina
أُمَّةً,ummatan
مُسْلِمَةً,muslimatan
لَّكَ,llaka
وَأَرِنَا,waarina
مَنَاسِكَنَا,manasikana
وَتُبْ,watub
التَّوَّابُ,at-tawwabu
الرَّحِيْمُ,ar-raẖimu
دُوَائَنْ,duaan
ڠَدَاڠُوْ,ṅadaṅu
أُمَةْ,umat
فࣤرَاكْ٢كَنْنَنَا,pěrak2kannana
مَنَاسِكْنَا,manasikna
حَجِ,ẖaji
أَسِيْهْ,asih
فَكَيْ,pake
تِتِنْچَاكَنْ,titincakan
نَائِكْ,naik
تُوْرُنْنَا,turunna
كَعْبَهْ,ka'bah
سࣤبُوْةْ,sěbut
مَقَامْ,maqam
سُنَتْكࣤنْ,sunatkěn
رَكَعَةْ,raka'at
جَمَاعَهْ,jama'ah
طَوَافْ,ṯawap
كُوْرِيْلِڠْ,kuriliṅ
مُڠْڮَرَنْ,muṅgaran
أُڠْڮُوْلْنَا,uṅgulna
جَالَرَانْ,jalaran
چِيْكَلْ,cikal
وِيْبَاوَا,wibawa
فُسْتِيْ٢,pusti2
أَنْتَاوِيْسْ,antawis
فَلَافُتْرَا,palaputra
أَوَّلَ,awwala
بَيْتٍ,betin
وُضِعَ,wuḏi'a
لِلنَّاسِ,linnasi
لَلَّذِيْ,lallaḋi
بِبَكَّةَ,bibakkata
مُبَارَكًا,mubarakan
وَّهُدًى,wwahudan
لِّلْعَالَمِيْنَ,llil'alamina
فِيْهِ,pihi
آيَاتٌ,āyatun
بَيِّنَاتٌ,bayyinatun
مَقَامُ,maqamu
دَخَلَهُ,daḵalahu
آمِنًا,āminan
سَأࣤۑَانَ,saěñana
أَدࣤڮْكࣤنْ,aděgkěn
ڮࣤسَنْ,gěsan
تَمْفَةْ,tampat
فَاڠَيْسْتُوْ,paṅestu
سَاتُڠْكࣤبِڠْ,satuṅkěbiṅ
تَتَافَكَنْ,tatapakan
تِيْلَسْ,tilas
ڠَدࣤڮْنَا,ṅaděgna
أَبُوْسْ,abus
بَارِيْسْ,baris
فَنَڠْتَايُوْڠَنْ,panaṅtayuṅan
جَامِنْ,jamin
أَمَانَنْنَنَا,amanannana
وَلِلَّهِ,walillahi
حِجُّ,ẖijju
اسْتَطَاعَ,astaṯa'a
إِلَيْهِ,ilaihi
سَبِيْلًا,sabilan
وَاجِبْكࣤنْ,wajibkěn
كَدَادَ,kadada
كَادُوْڮَا,kaduga
مُڠْڮَهْ,muṅgah
إِسْتُوْنِيْڠْ,istuniṅ
كَارَنَ,karana
مَڠْسَانَ,maṅsana
ۑَوْبِيْ,ñobi
كَمَنَا,kamana
كَإِيْمَانَنْ,kaimanan
كَاطَاعَتَنْنَنَا,kaṯa'atannana
بَنْدَا,banda
كَايَ,kaya
رَاڮَا,raga
أُوْجِيْ,uji
ڠَوْرْبَنْكࣤنْ,ṅorbankěn
كࣤمْبَڠْ,kěmbaṅ
فِيْأَسِيْهْ,piasih
فِيْكَاتِيْنࣤڠْ,pikatiněṅ
بࣤرَاتْنَا,běratna
چَوْچَوْبِيْ,cocobi
نࣤلَسَنْ,nělasan
مُوْڠْ,muṅ
ڠَاهَكَنْ,ṅahakan
فࣤرَانَنْ,pěranan
أُوْجِيَنْ,ujiyan
مُرْنِيْنَا,murnina
فَلْسُوْ,palsu
فُوْلَسَنْ,pulasan
وُڠْكُوْلْ,wuṅkul
كَۑَتَأَنْنَنَا,kañataannana
لُوِيْهْ,luwih
فِيْكَاچِنْتَ,pikacinta
سُمْبࣤرْ,sumběr
مِيْأَسِيْهْ,miasih
فࣤرِيْبَدِيْ,pěribadi
لَالِيْ,lali
تَيْڮَڠْ,tegaṅ
كَرَانَا,karana
سَارࣤڠَنْ,sarěṅan
نَوْهَوْنَنْ,nohonan
سَعِيْ,sa'i
ڠِمْفِيْ,ṅimpi
فࣤتِڠْ,pětiṅ
مࣤنْچِيْتْ,měncit
چِيْڠْ,ciṅ
تِمْبَاڠَنْ,timbaṅan
تُوْهُوْ,tuhu
مُڠْفَڠْ,muṅpaṅ
تَتَاوَارْ,tatawar
أَبَتِ,abati
افْعَلْ,ap'al
تُؤْمَرْ,tu`mar
سَتَجِدُنِيْ,satajiduni
إِنْشَاءَ,inśaa
الصَّابِرِيْنَ,aṣ-ṣabirina
تِ,ti
ۑَڠْڮَكࣤنْ,ñaṅgakěn
لَكَوْنَنْ,lakonan
نَنْدَاڠَنْنَنَا,nandaṅannana
مِنَى,mina
فَايُوْنْ,payun
ۑَنْدَكْ,ñandak
فِيْسَوْ,piso
تَمْبَڠْ,tambaṅ
ڠَرُوْفَكࣤنْ,ṅarupakěn
أَكِيْ٢,aki2
فࣤنْچِيْتْ,pěncit
تِمْبَلَنْ,timbalan
فَڠِمْفِيَانَنَا,paṅimpianana
دَيْڠَيْ,deṅe
فِيْكُوْنْ,pikun
بِسْا,bisa
چࣤكࣤلْ,cěkěl
أَوْمَوْڠَنْنَنَا,omoṅannana
أَكِيْ,aki
ڠَانَصِيْحَتَنْ,ṅanaṣiẖatan
ۑَأَهْ,ñaah
رُوْمَاجَا,rumaja
أَجَرْ,ajar
ڮࣤنِڠْ,gěniṅ
سِيْ,si
جَوْرْ,jor
مَنْتَوْڮْ,mantog
بَلَيْدَوْڮَنْ,baledogan
مࣤڮَاتَنْ,měgatan
كَالِيْ,kali
تࣤحَاصِلْ,těẖaṣil
سَابَنْ,saban
مَرُوڠْڮَهْ,maruṅgah
كَدُوَ,kaduwa
بَلَڠْ,balaṅ
جُمْرَهْ,jumrah
فَيْسَوْ,peso
سَڠْڮَاكࣤنْ,saṅgakěn
سَڠِڮِيْرْكࣤنْ,saṅigirkěn
بَوْرَوْڮَوْدْ,borogod
فَانَڠَنْ,panaṅan
سَمْفَيْيَانَنَا,sampeanana
سَوِيَوْسْ,sawios
أࣤنْتَوْڠْ,ěntoṅ
قَدَرْ,qadar
ڮِرَيْسَيْلْ٢,giresel2
تࣤرَاكْ,těrak
سَنَجَانْ,sanajan
تࣤدَئَيْكْ,tědaek
مَلَائِكَةْ,malaikat
ڮُيُوْرْ,guyur
وࣤلَسْ,wělas
سࣤفُوْهْ,sěpuh
كَوْلَوْتْ,kolot
لࣤتِيْكْ,lětik
دُعَا,du'a
كُوْفِيْڠْ,kupiṅ
سَوْرَا,sora
هَاوَرْ٢,hawar2
صَدَّقْتَ,ṣaddaqta
الرُّؤْيَا,ar-ru`ya
الْمُحْسِنِيْنَ,al-muẖsinina
أࣤۑَا٢,ěña2
إِمْفِيْيَانْ,impian
ڠَاڮَنْجَرْ,ṅaganjar
تَوْرَوْجَوْلْ,torojol
جِبْرِيْلْ,jibril
نُڠْتُوْنْ,nuṅtun
دَوْمْبَا,domba
تࣤڮࣤفْ,těgěp
فࣤنْچِيْتَنْ,pěncitan
فَانࣤبُوْسْ,paněbus
ۑَوَا,ñawa
وَتَرَكْنَا,watarakna
الْآخِرِيْنَ,al-āḵirina
چَوْنْتَوْهْ,contoh
جَلْمَ٢,jalma2
هَرࣤفْنَا,harěpna
سَلَامٌ,salamun
أُوْچَفَانْ,ucapan
كَذَالِكَ,kaḋalika
ڮَنْجَرَانَنَا,ganjaranana
ڠَلَاكَوْنَنْ,ṅalakonan
سَاهَدَيْ٢نَا,sahade2na
عِبَادِنَا,'ibadina
الْمُؤْمِنِيْنَ,al-mu`minina
بُوْڠَاهْ,buṅah
أَمَرْوَاتَاسُوْتَا,amarwatasuta
هِيْڠْڮَانَا,hiṅgana
أࣤسِيْنِيْڠْ,ěsiniṅ
جَاڮَتْ,jagat
تُڠْكࣤبِيْڠْ,tuṅkěbiṅ
شُكُوْرَانْ,śukuran
هَاهَلࣤوَاڠَنْ,hahalěwaṅan
تَكْبِيْرَانْ,takbiran
سُوْكَنْ٢,sukan2
تَهْلِيْلَنْ,tahlilan
لࣤبَرَانْ,lěbaran
عِيْدُ,'idu
الْأَضْحَى,al-aḏẖa
رࣤسْمِيْكࣤنْ,rěsmikěn
إِسْحَاقْ,isẖaq
كَاچَرِيَوْسْكࣤنْ,kacarioskěn
وَقْتَوْسْ,waqtos
ۑَأَيْتَ,ñaeta
نَلَڠْسَ,nalaṅsa
يُوْسْوَانَا,yuswana
دَلَفَنْ,dalapan
لِيْمَا,lima
وَرْتَوْسْ,wartos
فِيْكَابُوْڠَاهࣤنْ,pikabuṅahěn
جࣤنࣤڠَنْ,jěněṅan
أَكِيْنَا,akina
إِسْرَائِيْلْ,israil
يَعْقُوْبْ,ya'qub
كَتُوْرُوْنَنْنَا,katurunanna
رُبْقَهْ,rubqah
تَوْبِيْلْ,tobil
كࣤمْبَرْ,kěmbar
عَيْصْ,'aiṣ
ڠَدُعَاكࣤنْ,ṅadu'akěn
اجْعَلْ,aj'al
ذُرِّيَّتَهُ,ḋurriyyatahu
عَدَدَ,'adada
الرَّمْلِ,ar-ramli
وَالْحَصَى,wal-ẖaṣa
مُوْؼِيَا,mugia
تُوْرُنَنَنَا,turunanana
سࣤفࣤرْتِيْ,sěpěrti
سࣤئࣤرْنْا,sěěrn
ڠَدُعَاكࣤنْنَنَا,ṅadu'akěnnana
الْأَنْبِيَاءَ,al-anbiaa
وَالْمُلُوْكَ,wal-muluka
إِنْچُوْنَا,incuna
نَبِيْ٢,nabi2
رَاجَ٢,raja2
سَفُوْلُهْ,sapuluh
أُوْرَاڠْ,uraṅ
تِنُوْ,tinu
فَنْدࣤرِيْ,panděri
يُوْسُفْ,yusup
بُنْيَامِيْنْ,buñamin
بࣤلَسْ,bělas
سࣤبُوْتْ,sěbut
الْأَسْبَاطْ,al-asbaṯ
كَبُيُوْتَنْ,kabuyutan
ڠَرَنْچَابَڠْنَا,ṅarancabaṅna
أَيُوْبْ,ayub
تِدِۑَا,tidiña
نࣤمْبَيْ,němbe
تُوْمُرُوْنْ,tumurun
فَنُوْتَنْ,panutan
فَنُوْتُفْ,panutup
هَارَانْ,haran
أُوْتُوْسْ,utus
سَامِيْ,sami
إِيْبُوْ,ibu
كَوْتَا,kota
بَابِيْلَوْنِيَا,babilonia
فࣤنْدُوْدُقْنَا,pěnduduqna
لَچُوْتْ,lacut
ڠُمْبَرْ,ṅumbar
نَفْسُ,napsu
لَلَاكِيْ,lalaki
فُوَاسْ,puas
أَوَيْوَيْ,awewe
أَيْلَيْڠَنْ,eleṅan
أَتَأْتُوْنَ,ata`tuna
الْفَاحِشَةَ,al-paẖiśata
سَبَقَكُمْ,sabaqakum
بِهَا,biha
ڠَالَجُرْ,ṅalajur
مِيْڮَاوَيْ,migawe
كَامࣤسُوْمَنْ,kaměsuman
تࣤأَچَنْ,těacan
فِيْڮَاوَيْ,pigawe
دُنْۑَا,dunña
سَامَيْمَيْهْ,samemeh
تُوْمَرِيَمْ,tumariyam
كَلَهْكَا,kalahka
نَڠْتَڠْ,naṅtaṅ
اِئْتِنَا,i`tina
بِعَذَابِ,bi'aḋabi
أࣤۑَا,ěña
جَيْڠْكَيْلْ,jeṅkel
انْصُرْنِيْ,anṣurni
الْقَوْمِ,al-qomi
الْمُفْسِدِيْنَ,al-mupsidina
مَيُوْنَنْ,mayunan
ڠَرُوْكْسَكْ,ṅaruksak
ڠَرُوْفَاكࣤنْ,ṅarupakěn
كَرَاسَيْفْ,karasep
فَوْهَرَا,pohara
لَلَاچُوْتْنَا,lalacutna
ڠَرَوْيَوْكْ,ṅaroyok
تُمْفَاكَنْ,tumpakan
تَوْڠْڮَوْڠْنَا,toṅgoṅna
كَادَيْ,kade
أَتِيْ٢,ati2
فِفِيْلُوࣤنْ,pipiluwěn
مَلَهْ,malah
ڠَابَيْجَائَنْ,ṅabejaan
بُوْمِنَا,bumina
كَرَسَيْفْ,karasep
دَرَتَڠْ,darataṅ
ڠَاجَڮْ,ṅajag
سَابِيْسَا٢,sabisa2
اِتَّقُوْا,ittaqu
تُخْزُوْنِيْ,tuḵzuni
ضَيْفِيْ,ḏaipi
أَرِيْلِيْڠْ,ariliṅ
ڠَوِيْوِيْرَاڠْ,ṅawiwiraṅ
فَيُوْنࣤنْ,payuněn
تَتَامُوْ,tatamu
تُهْ,tuh
إِيْتُ,itu
أَڠْڮُرْ,aṅgur
أَرَيْكْ,arek
أࣤۑَا,ěña
سُوْچِيْ,suci
تِيْبَاتَنْ,tibatan
مࣤسُوْمْ,měsum
ۑَهَوْ,ñao
سَئࣤتِيْكْ,saětik
أَوْڮࣤيْ,ogěi
أَنَقْ٢,anaq2
كَارࣤفْ,karěp
چࣤكْ,cěk
رُسُلُ,rusulu
رَبِّكَ,rabbika
يَصِلُوْا,yaṣilu
حَوَاطَوْسْ,ẖawaṯos
سَأࣤۑَنَا,saěñana
أُتُوْسَنْ,utusan
ڠَرَوْڮَهَلَا,ṅarogahala
سَالِيْرَا,salira
سَسَايَاڮِيَنْ,sasayagiyan
فَوࣤوࣤڠِيْ,pawěwěṅi
جࣤڠْڮَرْ,jěṅgar
سَكُوْلَوَارْڮِيْ,sakulawargi
جَلْمِ,jalmi
ۑَوْرَيْيَڠْ,ñoreyaṅ
ڮࣤرࣤهَا,gěrěha
وَايَهْنَا,wayahna
چَنْدَكْ,candak
كَنْتُوْنْكࣤنْ,kantunkěn
تِيْبَنَنْ,tibanan
وَنْچِيْ,wanci
صُبُحْ,ṣubuẖ
وَقْتَوْسْنَا,waqtosna
سَاكࣤدَفْ,sakědap
الصَّلَوَاتْ,aṣ-ṣalawat
الْبَدْرِيَّةْ,al-badriyyah
سُوْنْدَا,sunda
طٰهٰ,ṯāhā
يٰسࣤ,yāsě
كَاكَسِيْهْ,kakasih
تَوَسُّلْ,tawassul
أَسْمَاءْ,asma`
هَادِيْ,hadi
فࣤرَڠْ,pěraṅ
سَبِيْلِ,sabili
بَدَرْ,badar
سَلَامࣤتْكࣤنْ,salamětkěn
أُمَّةْ,ummat
بَهْيَا,bahya
جَاهَةْ,jahat
كَاسُوْسَهْ,kasusah
ۑَلُئُوْهْ,ñaluuh
هِرِيْ,hiri
دࣤڠْكِيْ,děṅki
فِوَلࣤسْ,piwalěs
دِوُوْهْ,diwuh
لࣤڠِتْكࣤنْ,lěṅitkěn
بِڠُوْڠْ,biṅuṅ
بِيࣤنْ,biyěn
لِڠْلُوْڠْ,liṅluṅ
سَجُمْلَهْ,sajumlah
فَكَيْوُهْ,pakewuh
فِرَڠْ٢,piraṅ2
كَاهِيْنَائَنْ,kahinaan
أَرَارُوْچُوْلْ,ararucul
وُصُوْلْ,wuṣul
مَڠْ,maṅ
فَقِيْرْ,paqir
وَلَوْيَا,waloya
هَمْفُوْرَا,hampura
سَرَالَهْ,saralah
رُوْفࣤكْ,rupěk
سَنْدَاڠْ,sandaṅ
فَاڠَنْ,paṅan
لࣤڮَا,lěga
فَامَنْدَاڠَنْ,pamandaṅan
تࣤبِهْ,těbih
ڮَوْدَا,goda
رَيْوَاڠَنْ,rewaṅan
حَاصِلْكࣤنْ,ẖaṣilkěn
بُتُوْهْ,butuh
لُوْهُوْڠْ,luhuṅ
أَمْفُوْهْ,ampuh
جُئُوْهْ,juuh
سࣤجَا,sěja
ڠَاجَدِيْكࣤنْ,ṅajadikěn
بࣤڮْجَا,běgja
يَوْڮُيَا,yoguya
ڠَا,ṅa
كَابَيْهْ,kabeh
فَڠَابُوْتُوْهْ,paṅabutuh
مُوْبَهْ,mubah
كُوَاسَا,kuasa
ڮَاڮَهْ,gagah
هَفُوْنْتࣤنْ,hapuntěn
مُلْيَاكࣤنْ,mulyakěn
مَقْصُوْدْ,maqṣud
لَكْسَنَاكࣤنْ,laksanakěn
ڮَوْرَيْڠَنْ,goreṅan
جَرَاؤُهْ,jarauh
أُوْڠْڮُوْلْ,uṅgul
لَئَسْ,laas
بَرُوْڠَةْ,baruṅah
تࣤلࣤمَتْ,tělěmat
تَمَتْ,tamat
آلِ,āli
حُوْرْمَةْ,ẖurmat
أَلُوْسْ,alus
مُوْلُسْ,mulus
ڠَمْفُوْرَا,ṅampura
إِصْلَاحْكࣤنْ,iṣlaẖkěn
ظَاهِرْ,ẕahir
رَكْسَا,raksa
